run_id,checkin_date,checkout_date,nights,days_from_now,guests,position,page,room_id,url,title,room_type,bedrooms,beds,bathrooms,guests_capacity,price,rating_overall,rating_accuracy,rating_cleanliness,rating_checkin,rating_communication,rating_location,rating_value,reviews_count,host_id,host_name,is_superhost,is_guest_favorite,top_percent,badges,instant_book,cancellation_policy,has_pool,has_gym,has_parking,amenities_count,min_nights,max_nights
10J-3N,2026-01-17,2026-01-20,3,10,2,1,1,1441916213378158099,https://www.airbnb.com/rooms/1441916213378158099,Apartment in Burj Khalifa,ENTIRE_HOME,1,2,1,4,"ﺩ.ﺇ1,946",4.86,4.9,4.86,4.76,4.86,4.9,4.76,29,482303412,Hosted by ĀYA Boutique,True,False,,Superhost,False,,True,True,True,12,1,1125
10J-3N,2026-01-17,2026-01-20,3,10,2,2,1,1421554895712949991,https://www.airbnb.com/rooms/1421554895712949991,Apartment in Burj Khalifa,ENTIRE_HOME,1,2,1,3,"ﺩ.ﺇ1,563",4.75,4.81,4.75,4.75,4.88,4.75,4.88,16,419808377,Hosted by Mindstay Holiday Home,False,False,,,True,,True,True,True,12,1,1125
10J-3N,2026-01-17,2026-01-20,3,10,2,3,1,1029533173033840949,https://www.airbnb.com/rooms/1029533173033840949,Apartment in Burj Khalifa,ENTIRE_HOME,1,2,1,3,"ﺩ.ﺇ1,592",4.78,4.88,4.84,4.84,4.96,4.82,4.71,51,484863924,Hosted by Aircay Holiday Homes Llc,False,False,,,True,,True,True,True,12,1,1125
10J-3N,2026-01-17,2026-01-20,3,10,2,4,1,1493780371626385827,https://www.airbnb.com/rooms/1493780371626385827,Apartment in Burj Khalifa,ENTIRE_HOME,1,1,1,4,"ﺩ.ﺇ3,082",4.96,5,4.96,5,4.96,5,4.96,26,471697130,Hosted by Muhammad,True,True,5,Superhost | Guest Favorite | Top 5%,False,,True,True,True,12,1,1125
10J-3N,2026-01-17,2026-01-20,3,10,2,5,1,1490484247704252138,https://www.airbnb.com/rooms/1490484247704252138,Apartment in Burj Khalifa,ENTIRE_HOME,1,1,1,2,"ﺩ.ﺇ1,746",4.91,4.91,5,4.91,5,5,4.91,11,714172076,Hosted by Nidara Holiday Homes,False,True,,Guest Favorite,False,,True,True,True,10,1,1125
10J-3N,2026-01-17,2026-01-20,3,10,2,6,1,1475350604406554428,https://www.airbnb.com/rooms/1475350604406554428,Apartment in Burj Khalifa,ENTIRE_HOME,1,2,1,3,"ﺩ.ﺇ2,157",5,4.86,5,5,5,5,4.86,7,138538837,Hosted by Usmanis,False,True,,Guest Favorite,True,,True,True,True,12,1,1125
10J-3N,2026-01-17,2026-01-20,3,10,2,7,1,1537532286942961699,https://www.airbnb.com/rooms/1537532286942961699,Apartment in Dubai,ENTIRE_HOME,1,1,1,2,"ﺩ.ﺇ1,541",4.92,5,4.92,4.92,5,4.92,4.92,12,258980396,Hosted by Santosh,False,True,,Guest Favorite,True,,True,True,True,12,1,1125
10J-3N,2026-01-17,2026-01-20,3,10,2,8,1,1260994486844252866,https://www.airbnb.com/rooms/1260994486844252866,Apartment in Burj Khalifa,ENTIRE_HOME,1,2,1,4,"ﺩ.ﺇ2,308",5,5,5,5,5,5,5,50,655647881,Hosted by Iffi,True,True,5,Superhost | Guest Favorite | Top 5%,True,,True,False,True,12,1,1125
10J-3N,2026-01-17,2026-01-20,3,10,2,9,1,922921606741320741,https://www.airbnb.com/rooms/922921606741320741,Apartment in Burj Khalifa,ENTIRE_HOME,1,1,1,2,"ﺩ.ﺇ1,980",4.71,4.8,4.78,4.76,4.73,4.93,4.64,45,30450757,Hosted by Carpe Diem Lifestyle,False,False,,,True,,True,True,True,14,1,1125
10J-3N,2026-01-17,2026-01-20,3,10,2,10,1,934461795662467948,https://www.airbnb.com/rooms/934461795662467948,Apartment in Burj Khalifa,ENTIRE_HOME,1,2,1,3,"ﺩ.ﺇ2,723",4.79,4.86,4.76,4.62,4.78,4.93,4.7,91,220038032,Hosted by Anna,False,False,,,True,,True,True,True,12,1,1125
10J-3N,2026-01-17,2026-01-20,3,10,2,11,1,1294199307932725991,https://www.airbnb.com/rooms/1294199307932725991,Apartment in Burj Khalifa,ENTIRE_HOME,1,1,1,2,"ﺩ.ﺇ1,590",4.62,4.69,4.73,4.78,4.89,4.8,4.56,45,663143167,Hosted by Daniel,True,False,,Superhost,True,,True,True,True,11,1,1125
10J-3N,2026-01-17,2026-01-20,3,10,2,12,1,1301587747818283663,https://www.airbnb.com/rooms/1301587747818283663,Apartment in Burj Khalifa,ENTIRE_HOME,1,1,1,2,"ﺩ.ﺇ1,920",5,5,4.97,5,5,5,4.95,39,598491220,Hosted by Ferhat,True,True,5,Superhost | Guest Favorite | Top 5%,True,,True,True,True,12,1,1125
10J-3N,2026-01-17,2026-01-20,3,10,2,13,1,1043467648079710019,https://www.airbnb.com/rooms/1043467648079710019,Apartment in Burj Khalifa,ENTIRE_HOME,1,1,1,2,"ﺩ.ﺇ1,525",4.81,4.86,4.84,4.93,4.95,4.91,4.79,43,440541438,Hosted by Daria,True,False,,Superhost,True,,True,True,True,9,1,1125
10J-3N,2026-01-17,2026-01-20,3,10,2,14,1,1430289300497616935,https://www.airbnb.com/rooms/1430289300497616935,Apartment in Burj Khalifa,ENTIRE_HOME,1,2,1,4,"ﺩ.ﺇ1,576",4.56,4.67,4.89,4.78,5,4.89,4.67,9,149607188,Hosted by Rad Homes,True,False,,Superhost,True,,True,True,True,12,1,1125
10J-3N,2026-01-17,2026-01-20,3,10,2,15,1,1294087368573450737,https://www.airbnb.com/rooms/1294087368573450737,Apartment in Burj Khalifa,ENTIRE_HOME,1,2,1,4,"ﺩ.ﺇ3,154",4.85,4.92,4.85,4.92,5,5,4.62,13,76287647,Hosted by Czechin Holidays,False,False,,,True,,True,True,True,14,1,1125
10J-3N,2026-01-17,2026-01-20,3,10,2,16,1,1267860079928792530,https://www.airbnb.com/rooms/1267860079928792530,Apartment in Burj Khalifa,ENTIRE_HOME,1,1,1,4,"ﺩ.ﺇ2,334",4.85,4.85,4.62,4.69,5,5,4.85,13,484360708,Hosted by Nox,False,False,,,True,,True,True,True,13,1,1125
10J-3N,2026-01-17,2026-01-20,3,10,2,17,1,1093578441245119386,https://www.airbnb.com/rooms/1093578441245119386,Apartment in Burj Khalifa,ENTIRE_HOME,2,2,2,6,"ﺩ.ﺇ3,863",4.9,4.9,4.7,4.93,4.97,5,4.83,70,361673024,Hosted by Omar,True,True,,Superhost | Guest Favorite,True,,True,True,True,14,1,1125
10J-3N,2026-01-17,2026-01-20,3,10,2,18,1,873047083594954144,https://www.airbnb.com/rooms/873047083594954144,Condo in Burj Khalifa,ENTIRE_HOME,1,2,1,4,"ﺩ.ﺇ3,264",5,5,4.98,4.96,5,4.98,5,49,174672201,Hosted by Caroline,True,True,5,Superhost | Guest Favorite | Top 5%,True,,True,True,True,13,1,1125
10J-3N,2026-01-17,2026-01-20,3,10,2,19,2,1434096347720004408,https://www.airbnb.com/rooms/1434096347720004408,Apartment in Burj Khalifa,ENTIRE_HOME,1,2,1,3,"ﺩ.ﺇ1,906",4.95,4.81,4.81,5,4.95,4.9,4.86,21,38845135,Hosted by Joseph,True,True,,Superhost | Guest Favorite,False,,True,True,True,13,1,1125
10J-3N,2026-01-17,2026-01-20,3,10,2,20,2,1567855119628181476,https://www.airbnb.com/rooms/1567855119628181476,Apartment in Dubai,ENTIRE_HOME,2,4,2,6,"ﺩ.ﺇ4,199",5,5,5,5,5,5,5,1,400274903,Hosted by Taimur Azhar,True,False,,Superhost,True,,True,True,True,13,1,1125
10J-3N,2026-01-17,2026-01-20,3,10,2,21,2,1294199307932725991,https://www.airbnb.com/rooms/1294199307932725991,Apartment in Burj Khalifa,ENTIRE_HOME,1,1,1,2,"ﺩ.ﺇ1,590",4.62,4.69,4.73,4.78,4.89,4.8,4.56,45,663143167,Hosted by Daniel,True,False,,Superhost,True,,True,True,True,11,1,1125
10J-3N,2026-01-17,2026-01-20,3,10,2,22,2,1521178877801773326,https://www.airbnb.com/rooms/1521178877801773326,Apartment in Dubai,ENTIRE_HOME,1,1,1,4,"ﺩ.ﺇ2,774",5,5,5,5,5,5,5,6,471697130,Hosted by Muhammad,True,True,,Superhost | Guest Favorite,False,,True,True,True,9,1,1125
10J-3N,2026-01-17,2026-01-20,3,10,2,23,2,1515106814976740189,https://www.airbnb.com/rooms/1515106814976740189,Apartment in Dubai,ENTIRE_HOME,1,1,1,2,"ﺩ.ﺇ1,695",5,5,5,5,5,5,5,2,714172076,Hosted by Nidara Holiday Homes,False,False,,,False,,False,False,True,7,1,1125
10J-3N,2026-01-17,2026-01-20,3,10,2,24,2,1294087368573450737,https://www.airbnb.com/rooms/1294087368573450737,Apartment in Burj Khalifa,ENTIRE_HOME,1,2,1,4,"ﺩ.ﺇ3,154",4.85,4.92,4.85,4.92,5,5,4.62,13,76287647,Hosted by Czechin Holidays,False,False,,,True,,True,True,True,14,1,1125
10J-3N,2026-01-17,2026-01-20,3,10,2,25,2,1295093253494201376,https://www.airbnb.com/rooms/1295093253494201376,Apartment in Burj Khalifa,ENTIRE_HOME,1,2,1,4,"ﺩ.ﺇ2,751",4.91,4.89,4.98,4.66,4.89,4.86,4.77,44,663174398,Hosted by SmartStay Homes,True,False,,Superhost,True,,True,True,True,12,1,1125
10J-3N,2026-01-17,2026-01-20,3,10,2,26,2,1275853305140497348,https://www.airbnb.com/rooms/1275853305140497348,Apartment in Burj Khalifa,ENTIRE_HOME,1,3,1,6,"ﺩ.ﺇ2,640",4.9,4.9,5,4.9,5,4.9,4.8,10,5064510,Hosted by Walter Alejandro,True,True,,Superhost | Guest Favorite,True,,True,True,True,13,1,1125
10J-3N,2026-01-17,2026-01-20,3,10,2,27,2,1576222061694476595,https://www.airbnb.com/rooms/1576222061694476595,Apartment in Dubai,ENTIRE_HOME,1,2,1,3,"ﺩ.ﺇ2,030",5,5,5,5,5,5,5,2,513231271,Hosted by Ateliero,False,False,,,True,,True,True,True,14,1,1125
10J-3N,2026-01-17,2026-01-20,3,10,2,28,2,1093578441245119386,https://www.airbnb.com/rooms/1093578441245119386,Apartment in Burj Khalifa,ENTIRE_HOME,2,2,2,6,"ﺩ.ﺇ3,863",4.9,4.9,4.7,4.93,4.97,5,4.83,70,361673024,Hosted by Omar,True,True,,Superhost | Guest Favorite,True,,True,True,True,14,1,1125
10J-3N,2026-01-17,2026-01-20,3,10,2,29,2,1315433574906714564,https://www.airbnb.com/rooms/1315433574906714564,Apartment in Burj Khalifa,ENTIRE_HOME,1,2,1,4,"ﺩ.ﺇ2,543",4.98,5,4.98,5,5,4.88,4.86,42,657085601,Hosted by Gintare,True,True,10,Superhost | Guest Favorite | Top 10%,True,,True,True,True,12,1,1125
10J-3N,2026-01-17,2026-01-20,3,10,2,30,2,1563001666573311176,https://www.airbnb.com/rooms/1563001666573311176,Apartment in Dubai,ENTIRE_HOME,1,1,1,2,"ﺩ.ﺇ2,267",5,5,5,5,5,5,5,2,552222716,Hosted by Namuve,True,False,,Superhost,True,,True,True,True,13,1,1125
10J-3N,2026-01-17,2026-01-20,3,10,2,31,2,1580869230697380707,https://www.airbnb.com/rooms/1580869230697380707,Apartment in Dubai,ENTIRE_HOME,1,2,1,4,"ﺩ.ﺇ2,575",5,5,5,5,5,5,5,1,560492019,Hosted by Centurion Lofts,True,False,,Superhost,True,,True,True,True,10,1,1125
10J-3N,2026-01-17,2026-01-20,3,10,2,32,2,1261504088385434518,https://www.airbnb.com/rooms/1261504088385434518,Apartment in Burj Khalifa,ENTIRE_HOME,2,3,2,6,"ﺩ.ﺇ4,018",4.93,4.93,4.89,4.9,4.92,5,4.83,71,653645261,Hosted by Prestige Nest,True,True,,Superhost | Guest Favorite,True,,True,True,True,13,1,1125
10J-3N,2026-01-17,2026-01-20,3,10,2,33,2,1196231851011405566,https://www.airbnb.com/rooms/1196231851011405566,Apartment in Burj Khalifa,ENTIRE_HOME,1,1,1,2,"ﺩ.ﺇ1,442",4.86,4.79,4.93,5,5,4.93,4.5,14,42819515,Hosted by Rich Stay,True,False,,Superhost,True,,True,True,True,13,1,1125
10J-3N,2026-01-17,2026-01-20,3,10,2,34,2,1503119826078281663,https://www.airbnb.com/rooms/1503119826078281663,Apartment in Burj Khalifa,ENTIRE_HOME,1,2,1,3,"ﺩ.ﺇ3,201",5,4.92,5,5,5,5,5,12,694229804,Hosted by Skyline Serenity,False,True,10,Guest Favorite | Top 10%,True,,True,True,True,13,1,1125
10J-3N,2026-01-17,2026-01-20,3,10,2,35,2,1585471735190662613,https://www.airbnb.com/rooms/1585471735190662613,Apartment in Dubai,ENTIRE_HOME,,1,1,2,"ﺩ.ﺇ1,932",5,5,5,5,5,5,5,1,478354960,Hosted by Martina,False,False,,,True,,True,True,True,9,1,1125
10J-3N,2026-01-17,2026-01-20,3,10,2,36,2,1316634482814784677,https://www.airbnb.com/rooms/1316634482814784677,Condo in Burj Khalifa,ENTIRE_HOME,1,3,1,5,"ﺩ.ﺇ2,799",4.98,4.96,4.96,4.94,4.94,5,4.96,48,204032889,Hosted by Faraz,True,True,,Superhost | Guest Favorite,True,,True,True,True,14,1,1125
10J-3N,2026-01-17,2026-01-20,3,10,2,37,3,1231780356348260830,https://www.airbnb.com/rooms/1231780356348260830,Apartment in Burj Khalifa,ENTIRE_HOME,1,2,1,3,"ﺩ.ﺇ1,885",5,5,4.98,5,5,4.9,4.9,41,678240,Hosted by Alberto - ALG Homes,True,True,10,Superhost | Guest Favorite | Top 10%,True,,True,False,True,10,1,1125
10J-3N,2026-01-17,2026-01-20,3,10,2,38,3,1316634482814784677,https://www.airbnb.com/rooms/1316634482814784677,Condo in Burj Khalifa,ENTIRE_HOME,1,3,1,5,"ﺩ.ﺇ2,799",4.98,4.96,4.96,4.94,4.94,5,4.96,48,204032889,Hosted by Faraz,True,True,,Superhost | Guest Favorite,True,,True,True,True,14,1,1125
10J-3N,2026-01-17,2026-01-20,3,10,2,39,3,1418913278976814577,https://www.airbnb.com/rooms/1418913278976814577,Apartment in Burj Khalifa,ENTIRE_HOME,1,1,1,2,"ﺩ.ﺇ2,249",5,5,5,5,5,5,5,19,38845135,Hosted by Joseph,True,True,5,Superhost | Guest Favorite | Top 5%,False,,True,True,True,11,1,1125
10J-3N,2026-01-17,2026-01-20,3,10,2,40,3,1339968791681738497,https://www.airbnb.com/rooms/1339968791681738497,Apartment in Burj Khalifa,ENTIRE_HOME,1,3,2,5,"ﺩ.ﺇ2,819",4.98,5,4.95,4.95,4.95,4.98,4.93,43,653575635,Hosted by Ellice Marie,True,True,5,Superhost | Guest Favorite | Top 5%,True,,True,True,True,13,1,1125
10J-3N,2026-01-17,2026-01-20,3,10,2,41,3,1399336793580640480,https://www.airbnb.com/rooms/1399336793580640480,Condo in Burj Khalifa,ENTIRE_HOME,1,3,1,4,"ﺩ.ﺇ3,571",4.72,4.89,4.67,4.83,4.83,4.94,4.83,18,489089507,Hosted by Maxx Value Homes,True,False,,Superhost,True,,True,True,True,11,1,1125
10J-3N,2026-01-17,2026-01-20,3,10,2,42,3,1523637458728658080,https://www.airbnb.com/rooms/1523637458728658080,Apartment in Dubai,ENTIRE_HOME,1,2,2,4,"ﺩ.ﺇ2,944",5,5,5,5,5,4.73,5,11,667415237,Hosted by Mahogany,True,True,,Superhost | Guest Favorite,True,,True,True,True,13,1,1125
10J-3N,2026-01-17,2026-01-20,3,10,2,43,3,1366456577356737489,https://www.airbnb.com/rooms/1366456577356737489,Apartment in Burj Khalifa,ENTIRE_HOME,2,3,2,6,"ﺩ.ﺇ3,038",5,4.97,4.93,4.93,5,4.97,4.97,29,679952194,Hosted by Horizon Living,True,True,,Superhost | Guest Favorite,True,,True,True,True,14,1,1125
10J-3N,2026-01-17,2026-01-20,3,10,2,44,3,1043467648079710019,https://www.airbnb.com/rooms/1043467648079710019,Apartment in Burj Khalifa,ENTIRE_HOME,1,1,1,2,"ﺩ.ﺇ1,525",4.81,4.86,4.84,4.93,4.95,4.91,4.79,43,440541438,Hosted by Daria,True,False,,Superhost,True,,True,True,True,9,1,1125
10J-3N,2026-01-17,2026-01-20,3,10,2,45,3,1481133124881754823,https://www.airbnb.com/rooms/1481133124881754823,Apartment in Burj Khalifa,ENTIRE_HOME,1,1,1,2,"ﺩ.ﺇ2,519",5,5,5,5,5,5,4.8,5,519014308,Hosted by Ofex Holiday Homes,False,True,,Guest Favorite,False,,True,True,True,12,1,1125
10J-3N,2026-01-17,2026-01-20,3,10,2,46,3,1267860079928792530,https://www.airbnb.com/rooms/1267860079928792530,Apartment in Burj Khalifa,ENTIRE_HOME,1,1,1,4,"ﺩ.ﺇ2,334",4.85,4.85,4.62,4.69,5,5,4.85,13,484360708,Hosted by Nox,False,False,,,True,,True,True,True,13,1,1125
10J-3N,2026-01-17,2026-01-20,3,10,2,47,3,1158409992914098460,https://www.airbnb.com/rooms/1158409992914098460,Apartment in Burj Khalifa,ENTIRE_HOME,1,1,1,3,"ﺩ.ﺇ1,719",4.71,4.76,4.68,4.88,4.97,4.68,4.56,34,442055398,Hosted by Deepak,False,False,,,True,,True,True,True,13,1,1125
10J-3N,2026-01-17,2026-01-20,3,10,2,48,3,1564359576123273288,https://www.airbnb.com/rooms/1564359576123273288,Apartment in Dubai,ENTIRE_HOME,1,3,1,4,"ﺩ.ﺇ3,032",5,5,5,5,5,5,5,3,489089507,Hosted by Maxx Value Homes,True,False,,Superhost,True,,True,True,True,12,1,1125
10J-3N,2026-01-17,2026-01-20,3,10,2,49,3,1500680080197079493,https://www.airbnb.com/rooms/1500680080197079493,Apartment in Burj Khalifa,ENTIRE_HOME,1,1,1,3,"ﺩ.ﺇ1,654",5,5,5,5,5,5,4.8,5,678503589,Hosted by Atlantis Blue Holiday Homes,True,True,,Superhost | Guest Favorite,True,,True,True,True,12,1,1125
10J-3N,2026-01-17,2026-01-20,3,10,2,50,3,1434168934861134048,https://www.airbnb.com/rooms/1434168934861134048,Apartment in Burj Khalifa,ENTIRE_HOME,1,3,1,6,"ﺩ.ﺇ3,240",5,5,4.96,5,5,5,5,26,598143822,Hosted by Hamza,True,True,5,Superhost | Guest Favorite | Top 5%,True,,True,True,True,13,1,1125
10J-3N,2026-01-17,2026-01-20,3,10,2,51,3,1545446087951347714,https://www.airbnb.com/rooms/1545446087951347714,Apartment in Dubai,ENTIRE_HOME,1,1,1,4,"ﺩ.ﺇ1,758",5,5,5,5,5,5,5,1,544696796,Hosted by Majestic Oasis Vacation,True,False,,Superhost,True,,True,True,True,11,1,1125
10J-3N,2026-01-17,2026-01-20,3,10,2,52,3,1184868870588979927,https://www.airbnb.com/rooms/1184868870588979927,Apartment in Burj Khalifa,ENTIRE_HOME,1,2,1,4,"ﺩ.ﺇ1,861",5,4.83,4.56,5,5,5,4.89,18,486308246,Hosted by Manel Hello BNB,True,True,,Superhost | Guest Favorite,False,,True,True,True,12,1,1125
10J-3N,2026-01-17,2026-01-20,3,10,2,53,3,1482555287320747032,https://www.airbnb.com/rooms/1482555287320747032,Apartment in Burj Khalifa,ENTIRE_HOME,1,1,1,3,"ﺩ.ﺇ2,007",5,5,5,5,5,5,5,3,515613539,Hosted by Citi-Home,False,False,,,True,,True,True,True,8,1,1125
10J-3N,2026-01-17,2026-01-20,3,10,2,54,3,1510721003069737431,https://www.airbnb.com/rooms/1510721003069737431,Apartment in Burj Khalifa,ENTIRE_HOME,1,2,1,4,"ﺩ.ﺇ2,431",4.57,4.71,4.86,4.71,4.71,4.86,4.71,7,694543942,Hosted by Neyazi Homes,True,False,,Superhost,False,,True,True,True,11,1,1125
10J-3N,2026-01-17,2026-01-20,3,10,2,55,4,1293935688634129500,https://www.airbnb.com/rooms/1293935688634129500,Apartment in Burj Khalifa,ENTIRE_HOME,1,2,1,4,"ﺩ.ﺇ2,604",4.89,4.89,4.91,4.91,5,4.91,4.74,35,577641185,Hosted by SmartStay Home Rental,True,False,,Superhost,True,,True,True,True,12,1,1125
10J-3N,2026-01-17,2026-01-20,3,10,2,56,4,1312865263765617491,https://www.airbnb.com/rooms/1312865263765617491,Apartment in Burj Khalifa,ENTIRE_HOME,1,3,1,4,"ﺩ.ﺇ3,040",4.86,4.95,4.89,4.92,4.92,4.95,4.84,37,4238705,Hosted by Kensington Homes,True,True,,Superhost | Guest Favorite,True,,True,True,True,13,1,1125
10J-3N,2026-01-17,2026-01-20,3,10,2,57,4,1501128096722365577,https://www.airbnb.com/rooms/1501128096722365577,Apartment in Burj Khalifa,ENTIRE_HOME,1,1,1,2,"ﺩ.ﺇ1,507",5,5,5,5,5,5,5,4,714399640,Hosted by Alexis Luxury Vacation Homes,False,False,,,False,,True,True,True,9,1,1125
10J-3N,2026-01-17,2026-01-20,3,10,2,58,4,1475188661961775078,https://www.airbnb.com/rooms/1475188661961775078,Apartment in Burj Khalifa,ENTIRE_HOME,1,2,1,4,"ﺩ.ﺇ2,189",4.91,5,5,4.91,5,5,4.91,11,177585184,Hosted by Krystof,True,True,,Superhost | Guest Favorite,True,,True,True,True,11,1,1125
10J-3N,2026-01-17,2026-01-20,3,10,2,59,4,1327973134320639132,https://www.airbnb.com/rooms/1327973134320639132,Apartment in Burj Khalifa,ENTIRE_HOME,1,2,1,4,"ﺩ.ﺇ3,099",5,5,4.98,5,5,4.98,5,40,23907075,Hosted by First Class,True,True,10,Superhost | Guest Favorite | Top 10%,True,,True,True,True,13,1,1125
10J-3N,2026-01-17,2026-01-20,3,10,2,60,4,1514731837945198913,https://www.airbnb.com/rooms/1514731837945198913,Apartment in Dubai,ENTIRE_HOME,2,2,2,6,"ﺩ.ﺇ4,560",5,5,4.88,5,5,5,5,17,720022320,Hosted by Yongning,False,True,,Guest Favorite,True,,True,True,True,12,1,1125
10J-3N,2026-01-17,2026-01-20,3,10,2,61,4,1384517637968659067,https://www.airbnb.com/rooms/1384517637968659067,Apartment in Burj Khalifa,ENTIRE_HOME,1,2,1,4,"ﺩ.ﺇ2,540",4.92,4.88,4.92,4.88,4.96,5,4.88,24,206587857,Hosted by Sean,True,True,,Superhost | Guest Favorite,False,,True,True,True,13,1,1125
10J-3N,2026-01-17,2026-01-20,3,10,2,62,4,1572438133605508816,https://www.airbnb.com/rooms/1572438133605508816,Apartment in Dubai,ENTIRE_HOME,,2,1,4,"ﺩ.ﺇ2,047",5,5,5,5,5,5,5,3,656289735,Hosted by Elie,True,False,,Superhost,True,,True,True,True,12,1,1125
10J-3N,2026-01-17,2026-01-20,3,10,2,63,4,1547751588015852812,https://www.airbnb.com/rooms/1547751588015852812,Apartment in Dubai,ENTIRE_HOME,2,2,2,5,"ﺩ.ﺇ3,366",5,5,4.75,4.25,5,5,4.5,4,552222716,Hosted by Namuve,True,False,,Superhost,True,,True,True,True,12,1,1125
10J-3N,2026-01-17,2026-01-20,3,10,2,64,4,1569495063312013765,https://www.airbnb.com/rooms/1569495063312013765,Apartment in Dubai,ENTIRE_HOME,,1,1,2,"ﺩ.ﺇ2,764",5,5,5,5,5,5,5,1,718812981,Hosted by Abi Holidays,False,False,,,True,,True,True,True,12,1,1125
10J-3N,2026-01-17,2026-01-20,3,10,2,65,4,1488163497310221499,https://www.airbnb.com/rooms/1488163497310221499,Apartment in Burj Khalifa,ENTIRE_HOME,1,1,1,3,"ﺩ.ﺇ2,360",5,5,5,5,5,5,5,11,23907075,Hosted by First Class,True,True,10,Superhost | Guest Favorite | Top 10%,True,,True,True,True,10,1,1125
10J-3N,2026-01-17,2026-01-20,3,10,2,66,4,1543648645349928095,https://www.airbnb.com/rooms/1543648645349928095,Apartment in Dubai,ENTIRE_HOME,1,2,1,4,"ﺩ.ﺇ2,685",5,5,4.88,4.88,5,5,5,8,656289735,Hosted by Elie,True,True,,Superhost | Guest Favorite,True,,True,True,True,12,1,1125
10J-3N,2026-01-17,2026-01-20,3,10,2,67,4,1530937700634605209,https://www.airbnb.com/rooms/1530937700634605209,Apartment in Dubai,ENTIRE_HOME,2,2,2,6,"ﺩ.ﺇ3,900",5,5,4.92,5,5,5,4.85,13,723750830,Hosted by Enecc Holiday Homes,False,True,,Guest Favorite,True,,True,True,True,13,1,1125
10J-3N,2026-01-17,2026-01-20,3,10,2,68,4,1430292792288045294,https://www.airbnb.com/rooms/1430292792288045294,Apartment in Burj Khalifa,ENTIRE_HOME,,1,1,2,"ﺩ.ﺇ1,721",5,5,5,5,5,5,5,5,472717322,Hosted by One Address Dubai,True,True,,Superhost | Guest Favorite,True,,True,True,True,11,1,1125
10J-3N,2026-01-17,2026-01-20,3,10,2,69,4,1299800998010122918,https://www.airbnb.com/rooms/1299800998010122918,Apartment in Burj Khalifa,ENTIRE_HOME,1,1,1,2,"ﺩ.ﺇ1,905",4.86,4.89,4.89,4.95,4.95,4.89,4.86,44,598491220,Hosted by Ferhat,True,True,,Superhost | Guest Favorite,True,,True,True,True,12,1,1125
10J-3N,2026-01-17,2026-01-20,3,10,2,70,4,1176571076095217408,https://www.airbnb.com/rooms/1176571076095217408,Apartment in Burj Khalifa,ENTIRE_HOME,1,1,1,2,"ﺩ.ﺇ1,834",4.88,4.82,4.94,4.88,4.88,4.82,4.76,17,507413987,Hosted by Primehost Vacation Homes,False,False,,,False,,True,True,True,11,1,1125
10J-3N,2026-01-17,2026-01-20,3,10,2,71,4,999848241002014943,https://www.airbnb.com/rooms/999848241002014943,Apartment in Burj Khalifa,ENTIRE_HOME,,1,1,4,"ﺩ.ﺇ2,016",4.95,4.98,4.91,4.96,5,4.97,4.92,201,490175265,Hosted by Sherif,True,True,,Superhost | Guest Favorite,True,,True,True,True,14,1,1125
10J-3N,2026-01-17,2026-01-20,3,10,2,72,4,1447061170770855335,https://www.airbnb.com/rooms/1447061170770855335,Apartment in Burj Khalifa,ENTIRE_HOME,1,1,1,3,"ﺩ.ﺇ2,259",5,4.89,5,5,5,5,4.67,9,597714456,Hosted by Salima,True,True,,Superhost | Guest Favorite,True,,True,True,True,12,1,1125
10J-3N,2026-01-17,2026-01-20,3,10,2,73,5,1135534073417209587,https://www.airbnb.com/rooms/1135534073417209587,Apartment in Burj Khalifa,ENTIRE_HOME,1,1,1,2,"ﺩ.ﺇ1,996",4.83,4.94,4.72,4.78,5,4.94,4.78,18,76287647,Hosted by Czechin Holidays,False,False,,,True,,False,True,True,12,1,1125
10J-3N,2026-01-17,2026-01-20,3,10,2,74,5,1339968791681738497,https://www.airbnb.com/rooms/1339968791681738497,Apartment in Burj Khalifa,ENTIRE_HOME,1,3,2,5,"ﺩ.ﺇ2,819",4.98,5,4.95,4.95,4.95,4.98,4.93,43,653575635,Hosted by Ellice Marie,True,True,5,Superhost | Guest Favorite | Top 5%,True,,True,True,True,13,1,1125
10J-3N,2026-01-17,2026-01-20,3,10,2,75,5,1339190603572420286,https://www.airbnb.com/rooms/1339190603572420286,Apartment in Burj Khalifa,ENTIRE_HOME,1,1,1,2,"ﺩ.ﺇ1,062",4.67,4.83,4.58,4.33,4.83,4.83,4.5,12,673759711,Hosted by Rayan,True,False,,Superhost,True,,True,False,True,13,1,1125
10J-3N,2026-01-17,2026-01-20,3,10,2,76,5,1518875214428008158,https://www.airbnb.com/rooms/1518875214428008158,Apartment in Dubai,ENTIRE_HOME,1,2,1,3,"ﺩ.ﺇ1,968",5,5,5,5,5,5,5,2,714607851,Hosted by Nest In Galaxy Holiday Homes,False,False,,,True,,True,True,True,13,1,1125
10J-3N,2026-01-17,2026-01-20,3,10,2,77,5,1299800998010122918,https://www.airbnb.com/rooms/1299800998010122918,Apartment in Burj Khalifa,ENTIRE_HOME,1,1,1,2,"ﺩ.ﺇ1,905",4.86,4.89,4.89,4.95,4.95,4.89,4.86,44,598491220,Hosted by Ferhat,True,True,,Superhost | Guest Favorite,True,,True,True,True,12,1,1125
10J-3N,2026-01-17,2026-01-20,3,10,2,78,5,1543648645349928095,https://www.airbnb.com/rooms/1543648645349928095,Apartment in Dubai,ENTIRE_HOME,1,2,1,4,"ﺩ.ﺇ2,685",5,5,4.88,4.88,5,5,5,8,656289735,Hosted by Elie,True,True,,Superhost | Guest Favorite,True,,True,True,True,12,1,1125
10J-3N,2026-01-17,2026-01-20,3,10,2,79,5,1080021767143159040,https://www.airbnb.com/rooms/1080021767143159040,Apartment in Burj Khalifa,ENTIRE_HOME,,2,1,3,"ﺩ.ﺇ1,732",4.69,4.73,4.67,4.69,4.79,4.83,4.56,48,367604156,Hosted by Ivan,False,False,,,True,,True,True,True,12,1,1125
10J-3N,2026-01-17,2026-01-20,3,10,2,80,5,1293935688634129500,https://www.airbnb.com/rooms/1293935688634129500,Apartment in Burj Khalifa,ENTIRE_HOME,1,2,1,4,"ﺩ.ﺇ2,604",4.89,4.89,4.91,4.91,5,4.91,4.74,35,577641185,Hosted by SmartStay Home Rental,True,False,,Superhost,True,,True,True,True,12,1,1125
10J-3N,2026-01-17,2026-01-20,3,10,2,81,5,1371578055306169044,https://www.airbnb.com/rooms/1371578055306169044,Apartment in Burj Khalifa,ENTIRE_HOME,,1,1,2,"ﺩ.ﺇ1,858",4.69,4.81,4.88,4.94,4.94,4.94,4.75,16,542665036,Hosted by GuestReady,False,False,,,True,,False,True,True,10,1,1125
10J-3N,2026-01-17,2026-01-20,3,10,2,82,5,1059164428087769866,https://www.airbnb.com/rooms/1059164428087769866,Apartment in Burj Khalifa,ENTIRE_HOME,1,1,1,3,"ﺩ.ﺇ1,935",4.8,4.8,4.84,4.8,4.68,4.88,4.68,25,544696796,Hosted by Majestic Oasis Vacation,True,True,,Superhost | Guest Favorite,True,,True,True,True,9,1,1125
10J-3N,2026-01-17,2026-01-20,3,10,2,83,5,1572598304524707236,https://www.airbnb.com/rooms/1572598304524707236,Apartment in Dubai,ENTIRE_HOME,1,1,1,4,"ﺩ.ﺇ2,254",5,5,5,5,5,5,5,1,593191016,Hosted by DENA Vacay,True,False,,Superhost,True,,True,True,True,13,1,1125
10J-3N,2026-01-17,2026-01-20,3,10,2,84,5,1523637458728658080,https://www.airbnb.com/rooms/1523637458728658080,Apartment in Dubai,ENTIRE_HOME,1,2,2,4,"ﺩ.ﺇ2,944",5,5,5,5,5,4.73,5,11,667415237,Hosted by Mahogany,True,True,,Superhost | Guest Favorite,True,,True,True,True,13,1,1125
10J-3N,2026-01-17,2026-01-20,3,10,2,85,5,1491181466710965573,https://www.airbnb.com/rooms/1491181466710965573,Apartment in Burj Khalifa,ENTIRE_HOME,1,2,1,4,"ﺩ.ﺇ2,511",4.78,4.78,4.89,4.78,4.78,5,5,18,653575635,Hosted by Ellice Marie,True,True,,Superhost | Guest Favorite,True,,True,True,True,14,1,1125
10J-3N,2026-01-17,2026-01-20,3,10,2,86,5,1517125425268772209,https://www.airbnb.com/rooms/1517125425268772209,Apartment in Dubai,ENTIRE_HOME,2,5,2,10,"ﺩ.ﺇ3,743",5,5,4.9,5,5,5,5,10,667415237,Hosted by Mahogany,True,True,,Superhost | Guest Favorite,True,,True,True,True,13,1,1125
10J-3N,2026-01-17,2026-01-20,3,10,2,87,5,1569495063312013765,https://www.airbnb.com/rooms/1569495063312013765,Apartment in Dubai,ENTIRE_HOME,,1,1,2,"ﺩ.ﺇ2,764",5,5,5,5,5,5,5,1,718812981,Hosted by Abi Holidays,False,False,,,True,,True,True,True,12,1,1125
10J-3N,2026-01-17,2026-01-20,3,10,2,88,5,1275853305140497348,https://www.airbnb.com/rooms/1275853305140497348,Apartment in Burj Khalifa,ENTIRE_HOME,1,3,1,6,"ﺩ.ﺇ2,640",4.9,4.9,5,4.9,5,4.9,4.8,10,5064510,Hosted by Walter Alejandro,True,True,,Superhost | Guest Favorite,True,,True,True,True,13,1,1125
10J-3N,2026-01-17,2026-01-20,3,10,2,89,5,1463901983306549305,https://www.airbnb.com/rooms/1463901983306549305,Apartment in Burj Khalifa,ENTIRE_HOME,1,1,1,2,"ﺩ.ﺇ1,906",5,5,5,5,5,5,5,9,38845135,Hosted by Joseph,True,False,,Superhost,False,,True,True,True,12,1,1125
10J-3N,2026-01-17,2026-01-20,3,10,2,90,5,1499337626353806433,https://www.airbnb.com/rooms/1499337626353806433,Apartment in Burj Khalifa,ENTIRE_HOME,1,2,,3,"ﺩ.ﺇ1,780",5,5,5,4.8,5,5,4.8,5,203461898,Hosted by Noor,False,True,,Guest Favorite,True,,True,True,True,11,1,1125
10J-3N,2026-01-17,2026-01-20,3,10,2,91,6,1510716855415725991,https://www.airbnb.com/rooms/1510716855415725991,Apartment in Dubai,ENTIRE_HOME,1,2,1,5,"ﺩ.ﺇ3,480",5,4.95,4.95,5,5,4.95,4.95,22,419752101,Hosted by Golden Lux Holiday Homes,False,True,5,Guest Favorite | Top 5%,True,,True,True,True,13,1,1125
10J-3N,2026-01-17,2026-01-20,3,10,2,92,6,1381827842044360841,https://www.airbnb.com/rooms/1381827842044360841,Apartment in Burj Khalifa,ENTIRE_HOME,1,2,1,3,"ﺩ.ﺇ1,757",5,5,5,5,5,5,5,3,405760695,Hosted by Livbnb,False,False,,,True,,True,True,True,12,1,1125
10J-3N,2026-01-17,2026-01-20,3,10,2,93,6,1314456242605702243,https://www.airbnb.com/rooms/1314456242605702243,Apartment in Burj Khalifa,ENTIRE_HOME,1,1,1,2,"ﺩ.ﺇ1,860",4.97,4.97,5,5,5,4.79,4.93,29,598491220,Hosted by Ferhat,True,True,,Superhost | Guest Favorite,True,,True,True,True,12,1,1125
10J-3N,2026-01-17,2026-01-20,3,10,2,94,6,1573857434788569939,https://www.airbnb.com/rooms/1573857434788569939,Apartment in Dubai,ENTIRE_HOME,1,2,1,4,"ﺩ.ﺇ2,661",5,4.86,5,5,5,5,5,7,590570378,Hosted by Vansh,True,True,,Superhost | Guest Favorite,True,,True,True,True,13,1,1125
10J-3N,2026-01-17,2026-01-20,3,10,2,95,6,1513007917654491723,https://www.airbnb.com/rooms/1513007917654491723,Apartment in Burj Khalifa,ENTIRE_HOME,1,1,1,2,"ﺩ.ﺇ1,931",4.88,4.75,4.88,4.75,4.75,4.88,4.75,8,719636607,Hosted by Mohit,False,False,,,True,,True,True,True,11,1,1125
10J-3N,2026-01-17,2026-01-20,3,10,2,96,6,1217327126500487867,https://www.airbnb.com/rooms/1217327126500487867,Apartment in Burj Khalifa,ENTIRE_HOME,,1,1,2,"ﺩ.ﺇ1,980",5,4.98,5,5,5,4.98,4.95,40,38632309,Hosted by Mohammed,True,True,5,Superhost | Guest Favorite | Top 5%,True,,True,True,True,13,1,1125
10J-3N,2026-01-17,2026-01-20,3,10,2,97,6,1527641026454949882,https://www.airbnb.com/rooms/1527641026454949882,Apartment in Dubai,ENTIRE_HOME,2,3,2,6,"ﺩ.ﺇ3,430",5,5,5,4.86,5,5,4.86,7,539242963,Hosted by Aurora Vacation Homes Rentals LLC,True,True,,Superhost | Guest Favorite,True,,True,True,True,13,1,1125
10J-3N,2026-01-17,2026-01-20,3,10,2,98,6,1525442111732542545,https://www.airbnb.com/rooms/1525442111732542545,Apartment in Dubai,ENTIRE_HOME,1,1,1,2,"ﺩ.ﺇ2,497",5,5,5,5,5,5,5,4,559732650,Hosted by StayMada,True,False,,Superhost,True,,True,True,True,12,1,1125
10J-3N,2026-01-17,2026-01-20,3,10,2,99,6,1551395172731677548,https://www.airbnb.com/rooms/1551395172731677548,Apartment in Dubai,ENTIRE_HOME,2,2,2,4,"ﺩ.ﺇ2,616",5,5,5,5,5,5,5,2,713037241,Hosted by Liv Reside Vacation Homes Rental,False,False,,,True,,True,True,True,12,1,1125
10J-3N,2026-01-17,2026-01-20,3,10,2,100,6,1520291279201746229,https://www.airbnb.com/rooms/1520291279201746229,Apartment in Dubai,ENTIRE_HOME,1,2,2,4,"ﺩ.ﺇ2,226",4.89,5,5,4.89,5,4.78,4.78,9,242523215,Hosted by Valeria,True,True,,Superhost | Guest Favorite,True,,True,True,True,13,1,1125
10J-3N,2026-01-17,2026-01-20,3,10,2,101,6,1440399005364691829,https://www.airbnb.com/rooms/1440399005364691829,Apartment in Burj Khalifa,ENTIRE_HOME,1,2,1,4,"ﺩ.ﺇ1,933",4.95,4.93,4.88,4.93,4.88,4.93,4.79,42,521711228,Hosted by Ashley,True,True,,Superhost | Guest Favorite,True,,True,True,True,12,1,1125
10J-3N,2026-01-17,2026-01-20,3,10,2,102,6,1327935368003403222,https://www.airbnb.com/rooms/1327935368003403222,Apartment in Burj Khalifa,ENTIRE_HOME,,1,1,2,"ﺩ.ﺇ1,984",4.81,4.9,4.84,5,4.84,4.81,4.74,31,408477753,Hosted by Viktoriia,False,True,,Guest Favorite,True,,True,True,True,11,1,1125
10J-3N,2026-01-17,2026-01-20,3,10,2,103,6,1258548530625551030,https://www.airbnb.com/rooms/1258548530625551030,Apartment in Burj Khalifa,ENTIRE_HOME,1,2,1,4,"ﺩ.ﺇ2,604",4.93,4.85,4.96,4.96,5,4.96,4.74,27,577641185,Hosted by SmartStay Home Rental,True,True,,Superhost | Guest Favorite,True,,True,True,True,12,1,1125
10J-3N,2026-01-17,2026-01-20,3,10,2,104,6,1565850958922615639,https://www.airbnb.com/rooms/1565850958922615639,Apartment in Dubai,ENTIRE_HOME,2,3,2,6,"ﺩ.ﺇ4,493",5,5,5,5,5,5,5,3,137600346,Hosted by Elite Comfort,True,False,,Superhost,True,,True,True,True,12,1,1125
10J-3N,2026-01-17,2026-01-20,3,10,2,105,6,993125522712592205,https://www.airbnb.com/rooms/993125522712592205,Apartment in Burj Khalifa,ENTIRE_HOME,1,2,1,4,"ﺩ.ﺇ2,182",4.94,4.97,4.97,4.94,5,4.97,4.94,32,440541438,Hosted by Daria,True,True,,Superhost | Guest Favorite,True,,True,True,True,10,1,1125
10J-3N,2026-01-17,2026-01-20,3,10,2,106,6,52493153,https://www.airbnb.com/rooms/52493153,Apartment in Burj Khalifa,ENTIRE_HOME,1,3,1,3,"ﺩ.ﺇ1,952",4.97,4.94,4.96,4.92,4.98,4.94,4.9,125,242523215,Hosted by Valeria,True,False,,Superhost,True,,True,True,True,14,1,1125
10J-3N,2026-01-17,2026-01-20,3,10,2,107,6,1065738161246900896,https://www.airbnb.com/rooms/1065738161246900896,Apartment in Burj Khalifa,ENTIRE_HOME,,1,1,2,"ﺩ.ﺇ1,676",4.75,4.89,4.75,4.78,4.83,4.75,4.72,36,554970106,Hosted by Haven,False,False,,,True,,True,True,True,12,1,1125
10J-3N,2026-01-17,2026-01-20,3,10,2,108,6,1258630501269983915,https://www.airbnb.com/rooms/1258630501269983915,Apartment in Burj Khalifa,ENTIRE_HOME,1,2,1,4,"ﺩ.ﺇ2,604",5,4.94,4.94,4.75,5,5,4.81,16,577641185,Hosted by SmartStay Home Rental,True,True,,Superhost | Guest Favorite,True,,True,True,True,12,1,1125
10J-3N,2026-01-17,2026-01-20,3,10,2,109,7,1543254390707604284,https://www.airbnb.com/rooms/1543254390707604284,Apartment in Dubai,ENTIRE_HOME,1,1,1,2,"ﺩ.ﺇ1,757",5,5,5,5,5,5,5,3,472717322,Hosted by One Address Dubai,True,False,,Superhost,True,,True,False,True,12,1,1125
10J-3N,2026-01-17,2026-01-20,3,10,2,110,7,1258630501269983915,https://www.airbnb.com/rooms/1258630501269983915,Apartment in Burj Khalifa,ENTIRE_HOME,1,2,1,4,"ﺩ.ﺇ2,604",5,4.94,4.94,4.75,5,5,4.81,16,577641185,Hosted by SmartStay Home Rental,True,True,,Superhost | Guest Favorite,True,,True,True,True,12,1,1125
10J-3N,2026-01-17,2026-01-20,3,10,2,111,7,917781484049638337,https://www.airbnb.com/rooms/917781484049638337,Apartment in Burj Khalifa,ENTIRE_HOME,1,2,1,4,"ﺩ.ﺇ2,105",4.79,4.71,4.71,4.71,4.79,4.79,4.79,14,176328847,Hosted by LUX Holiday Home,True,False,,Superhost,True,,True,True,True,13,1,1125
10J-3N,2026-01-17,2026-01-20,3,10,2,112,7,1295092766129741581,https://www.airbnb.com/rooms/1295092766129741581,Apartment in Burj Khalifa,ENTIRE_HOME,1,2,1,4,"ﺩ.ﺇ2,894",4.95,4.89,5,4.95,5,5,4.84,19,663174398,Hosted by SmartStay Homes,True,False,,Superhost,True,,True,True,True,12,1,1125
10J-3N,2026-01-17,2026-01-20,3,10,2,113,7,1525431270341475829,https://www.airbnb.com/rooms/1525431270341475829,Apartment in Dubai,ENTIRE_HOME,1,1,1,4,"ﺩ.ﺇ2,098",4.86,5,4.79,5,4.86,5,4.86,14,559732650,Hosted by StayMada,True,True,,Superhost | Guest Favorite,True,,True,True,True,11,1,1125
10J-3N,2026-01-17,2026-01-20,3,10,2,114,7,1553822120462706676,https://www.airbnb.com/rooms/1553822120462706676,Apartment in Dubai,ENTIRE_HOME,,1,1,2,"ﺩ.ﺇ1,977",5,5,5,5,5,5,5,3,674657164,Hosted by Alzohra Holidays Home,True,False,,Superhost,True,,True,True,True,10,1,1125
10J-3N,2026-01-17,2026-01-20,3,10,2,115,7,1358538884817731050,https://www.airbnb.com/rooms/1358538884817731050,Apartment in Al Satwa,ENTIRE_HOME,1,1,1,2,"ﺩ.ﺇ2,063",5,5,5,5,5,5,5,2,531765107,Hosted by Andrei,False,False,,,True,,True,True,True,12,1,1125
10J-3N,2026-01-17,2026-01-20,3,10,2,116,7,1560212878225381049,https://www.airbnb.com/rooms/1560212878225381049,Apartment in Dubai,ENTIRE_HOME,1,1,1,2,"ﺩ.ﺇ2,427",5,5,5,5,5,5,5,2,508465038,Hosted by Ustay,True,False,,Superhost,False,,True,True,True,11,1,1125
10J-3N,2026-01-17,2026-01-20,3,10,2,117,7,993125522712592205,https://www.airbnb.com/rooms/993125522712592205,Apartment in Burj Khalifa,ENTIRE_HOME,1,2,1,4,"ﺩ.ﺇ2,182",4.94,4.97,4.97,4.94,5,4.97,4.94,32,440541438,Hosted by Daria,True,True,,Superhost | Guest Favorite,True,,True,True,True,10,1,1125
10J-3N,2026-01-17,2026-01-20,3,10,2,118,7,1295094775252361795,https://www.airbnb.com/rooms/1295094775252361795,Apartment in Burj Khalifa,ENTIRE_HOME,1,2,1,4,"ﺩ.ﺇ2,795",4.92,4.92,4.84,4.84,4.92,4.96,4.76,25,663174398,Hosted by SmartStay Homes,True,True,,Superhost | Guest Favorite,True,,True,True,True,12,1,1125
10J-3N,2026-01-17,2026-01-20,3,10,2,119,7,1135534073417209587,https://www.airbnb.com/rooms/1135534073417209587,Apartment in Burj Khalifa,ENTIRE_HOME,1,1,1,2,"ﺩ.ﺇ1,996",4.83,4.94,4.72,4.78,5,4.94,4.78,18,76287647,Hosted by Czechin Holidays,False,False,,,True,,False,True,True,12,1,1125
10J-3N,2026-01-17,2026-01-20,3,10,2,120,7,3122859,https://www.airbnb.com/rooms/3122859,Apartment in Burj Khalifa,ENTIRE_HOME,1,3,1,3,"ﺩ.ﺇ1,707",4.96,4.92,4.83,4.96,4.96,5,4.92,24,15862578,Hosted by Samir,False,True,,Guest Favorite,True,,True,True,True,11,1,1125
10J-3N,2026-01-17,2026-01-20,3,10,2,121,7,1362808086689877791,https://www.airbnb.com/rooms/1362808086689877791,Apartment in Burj Khalifa,ENTIRE_HOME,1,2,1,4,"ﺩ.ﺇ2,146",4.83,4.67,4.67,4.83,4.83,4.67,4.83,6,583966974,Hosted by Only Stays,True,False,,Superhost,True,,True,True,True,13,1,1125
10J-3N,2026-01-17,2026-01-20,3,10,2,122,7,1545513423288689537,https://www.airbnb.com/rooms/1545513423288689537,Apartment in Dubai,ENTIRE_HOME,1,1,1,2,"ﺩ.ﺇ1,164",5,5,5,5,5,5,5,2,567679832,Hosted by Daniels Holiday Homes,False,False,,,True,,True,True,True,13,1,1125
10J-3N,2026-01-17,2026-01-20,3,10,2,123,7,1553107605216051863,https://www.airbnb.com/rooms/1553107605216051863,Apartment in Dubai,ENTIRE_HOME,1,2,1,4,"ﺩ.ﺇ2,523",5,5,5,5,5,5,5,6,188524365,Hosted by Yassine,True,True,,Superhost | Guest Favorite,True,,True,True,True,11,1,1125
10J-3N,2026-01-17,2026-01-20,3,10,2,124,7,1556663360351666298,https://www.airbnb.com/rooms/1556663360351666298,Apartment in Dubai,ENTIRE_HOME,1,,1,3,"ﺩ.ﺇ2,502",4.67,4.67,5,5,5,5,4.67,3,729723109,Hosted by Luma Stays,False,False,,,False,,True,True,True,11,1,1125
10J-3N,2026-01-17,2026-01-20,3,10,2,125,7,1482422054725524320,https://www.airbnb.com/rooms/1482422054725524320,Apartment in Burj Khalifa,ENTIRE_HOME,1,1,1,3,"ﺩ.ﺇ2,259",4.9,5,5,4.8,4.9,5,5,10,515613539,Hosted by Citi-Home,False,True,,Guest Favorite,True,,True,True,True,8,1,1125
10J-3N,2026-01-17,2026-01-20,3,10,2,126,7,1176928097646989401,https://www.airbnb.com/rooms/1176928097646989401,Apartment in Burj Khalifa,ENTIRE_HOME,1,1,1,3,"ﺩ.ﺇ2,302",4.76,4.76,4.75,4.73,4.87,4.95,4.69,55,547962315,Hosted by Aparts.Ae,True,True,,Superhost | Guest Favorite,True,,True,True,True,12,1,1125
10J-3N,2026-01-17,2026-01-20,3,10,2,127,8,1451583272659497069,https://www.airbnb.com/rooms/1451583272659497069,Apartment in Burj Khalifa,ENTIRE_HOME,1,2,2,5,"ﺩ.ﺇ2,047",4.91,4.82,4.64,5,4.73,4.55,4.73,11,96137927,Hosted by Randa.Muawia,True,False,,Superhost,False,,False,False,True,12,1,1125
10J-3N,2026-01-17,2026-01-20,3,10,2,128,8,1320013995961618790,https://www.airbnb.com/rooms/1320013995961618790,Apartment in Burj Khalifa,ENTIRE_HOME,1,1,1,3,"ﺩ.ﺇ2,186",5,5,5,5,5,5,5,17,334496555,Hosted by Johnny,False,True,10,Guest Favorite | Top 10%,True,,True,True,True,13,1,1125
10J-3N,2026-01-17,2026-01-20,3,10,2,129,8,1518875214428008158,https://www.airbnb.com/rooms/1518875214428008158,Apartment in Dubai,ENTIRE_HOME,1,2,1,3,"ﺩ.ﺇ1,968",5,5,5,5,5,5,5,2,714607851,Hosted by Nest In Galaxy Holiday Homes,False,False,,,True,,True,True,True,13,1,1125
10J-3N,2026-01-17,2026-01-20,3,10,2,130,8,1371578055306169044,https://www.airbnb.com/rooms/1371578055306169044,Apartment in Burj Khalifa,ENTIRE_HOME,,1,1,2,"ﺩ.ﺇ1,858",4.69,4.81,4.88,4.94,4.94,4.94,4.75,16,542665036,Hosted by GuestReady,False,False,,,True,,False,True,True,10,1,1125
10J-3N,2026-01-17,2026-01-20,3,10,2,131,8,1503514634610232658,https://www.airbnb.com/rooms/1503514634610232658,Apartment in Burj Khalifa,ENTIRE_HOME,1,1,1,4,"ﺩ.ﺇ2,002",4.38,4.54,4.54,4.77,4.54,4.77,4.46,13,563545754,Hosted by Dubayt,False,False,,,True,,True,True,True,13,1,1125
10J-3N,2026-01-17,2026-01-20,3,10,2,132,8,1421639706383043382,https://www.airbnb.com/rooms/1421639706383043382,Apartment in Burj Khalifa,ENTIRE_HOME,1,3,1,6,"ﺩ.ﺇ3,024",5,5,5,4.91,5,4.98,4.96,47,597798169,Hosted by Luxe Living Collection,True,True,5,Superhost | Guest Favorite | Top 5%,True,,True,True,True,13,1,1125
10J-3N,2026-01-17,2026-01-20,3,10,2,133,8,1278787774367517035,https://www.airbnb.com/rooms/1278787774367517035,Apartment in Burj Khalifa,ENTIRE_HOME,1,2,1,4,"ﺩ.ﺇ2,604",4.67,4.71,4.96,4.83,5,4.92,4.67,24,577641185,Hosted by SmartStay Home Rental,True,False,,Superhost,True,,True,True,True,12,1,1125
10J-3N,2026-01-17,2026-01-20,3,10,2,134,8,1291833347603841084,https://www.airbnb.com/rooms/1291833347603841084,Apartment in Burj Khalifa,ENTIRE_HOME,2,2,2,4,"ﺩ.ﺇ4,202",4.96,4.92,5,4.92,4.92,5,4.88,25,587656863,Hosted by AraBnB Homes,True,True,,Superhost | Guest Favorite,False,,True,True,True,13,1,1125
10J-3N,2026-01-17,2026-01-20,3,10,2,135,8,1542720380677994183,https://www.airbnb.com/rooms/1542720380677994183,Apartment in Dubai,ENTIRE_HOME,1,1,1,4,"ﺩ.ﺇ1,906",5,5,4.83,5,5,5,4.83,6,700254290,Hosted by Habita Luxe Holiday Homes,True,True,,Superhost | Guest Favorite,True,,True,True,True,12,1,1125
10J-3N,2026-01-17,2026-01-20,3,10,2,136,8,1258704622594505554,https://www.airbnb.com/rooms/1258704622594505554,Apartment in Burj Khalifa,ENTIRE_HOME,,1,1,2,"ﺩ.ﺇ1,567",4.91,4.87,4.87,4.78,4.83,4.96,4.91,23,588380352,Hosted by Shazia,True,True,,Superhost | Guest Favorite,True,,True,True,True,11,1,1125
10J-3N,2026-01-17,2026-01-20,3,10,2,137,8,1463901983306549305,https://www.airbnb.com/rooms/1463901983306549305,Apartment in Burj Khalifa,ENTIRE_HOME,1,1,1,2,"ﺩ.ﺇ1,906",5,5,5,5,5,5,5,9,38845135,Hosted by Joseph,True,False,,Superhost,False,,True,True,True,12,1,1125
10J-3N,2026-01-17,2026-01-20,3,10,2,138,8,1499337626353806433,https://www.airbnb.com/rooms/1499337626353806433,Apartment in Burj Khalifa,ENTIRE_HOME,1,2,,3,"ﺩ.ﺇ1,780",5,5,5,4.8,5,5,4.8,5,203461898,Hosted by Noor,False,True,,Guest Favorite,True,,True,True,True,11,1,1125
10J-3N,2026-01-17,2026-01-20,3,10,2,139,8,1521096752206845577,https://www.airbnb.com/rooms/1521096752206845577,Apartment in Dubai,ENTIRE_HOME,1,1,1,2,"ﺩ.ﺇ1,228",4.93,5,5,5,5,4.93,4.93,14,711992038,Hosted by H Homes,True,True,,Superhost | Guest Favorite,True,,False,False,True,7,1,1125
10J-3N,2026-01-17,2026-01-20,3,10,2,140,8,1493356167050733236,https://www.airbnb.com/rooms/1493356167050733236,Apartment in Burj Khalifa,ENTIRE_HOME,1,1,1,2,"ﺩ.ﺇ1,905",5,5,4.75,5,5,5,5,4,540147146,Hosted by Frank Plowman Vacation Homes,True,False,,Superhost,True,,True,True,True,12,1,1125
10J-3N,2026-01-17,2026-01-20,3,10,2,141,8,1478838850663000799,https://www.airbnb.com/rooms/1478838850663000799,Apartment in Burj Khalifa,ENTIRE_HOME,2,4,2,5,"ﺩ.ﺇ3,084",4.92,4.85,5,5,4.85,4.92,4.92,13,471216887,Hosted by Irina GoodStay,True,True,,Superhost | Guest Favorite,True,,True,True,True,13,1,1125
10J-3N,2026-01-17,2026-01-20,3,10,2,142,8,1295099812329751628,https://www.airbnb.com/rooms/1295099812329751628,Apartment in Burj Khalifa,ENTIRE_HOME,1,2,1,4,"ﺩ.ﺇ2,894",4.88,4.91,4.94,4.82,4.94,4.91,4.91,33,663174398,Hosted by SmartStay Homes,True,False,,Superhost,True,,True,True,True,12,1,1125
10J-3N,2026-01-17,2026-01-20,3,10,2,143,8,1416433630083451157,https://www.airbnb.com/rooms/1416433630083451157,Apartment in Burj Khalifa,ENTIRE_HOME,1,1,1,2,"ﺩ.ﺇ2,129",5,5,5,5,5,5,5,1,660634467,Hosted by Nestify Vacation Home Rental,False,False,,,True,,True,True,True,11,1,1125
10J-3N,2026-01-17,2026-01-20,3,10,2,144,8,1585457594874467504,https://www.airbnb.com/rooms/1585457594874467504,Apartment in Dubai,ENTIRE_HOME,1,1,1,2,"ﺩ.ﺇ2,681",5,5,5,5,5,5,5,1,469324326,Hosted by First Class,True,False,,Superhost,True,,True,True,True,13,1,1125
10J-3N,2026-01-17,2026-01-20,3,10,2,145,9,1543254390707604284,https://www.airbnb.com/rooms/1543254390707604284,Apartment in Dubai,ENTIRE_HOME,1,1,1,2,"ﺩ.ﺇ1,757",5,5,5,5,5,5,5,3,472717322,Hosted by One Address Dubai,True,False,,Superhost,True,,True,False,True,12,1,1125
10J-3N,2026-01-17,2026-01-20,3,10,2,146,9,1256957899859371834,https://www.airbnb.com/rooms/1256957899859371834,Apartment in Burj Khalifa,ENTIRE_HOME,1,2,1,4,"ﺩ.ﺇ2,682",4.89,4.93,4.77,4.93,5,4.91,4.79,56,653575635,Hosted by Ellice Marie,True,True,,Superhost | Guest Favorite,True,,True,True,True,13,1,1125
10J-3N,2026-01-17,2026-01-20,3,10,2,147,9,1572324878337986810,https://www.airbnb.com/rooms/1572324878337986810,Apartment in Dubai,ENTIRE_HOME,1,1,1,3,"ﺩ.ﺇ1,710",5,5,5,5,5,5,5,1,651993983,Hosted by Kanuj,True,False,,Superhost,True,,True,True,True,13,1,1125
10J-3N,2026-01-17,2026-01-20,3,10,2,148,9,1278787774367517035,https://www.airbnb.com/rooms/1278787774367517035,Apartment in Burj Khalifa,ENTIRE_HOME,1,2,1,4,"ﺩ.ﺇ2,604",4.67,4.71,4.96,4.83,5,4.92,4.67,24,577641185,Hosted by SmartStay Home Rental,True,False,,Superhost,True,,True,True,True,12,1,1125
10J-3N,2026-01-17,2026-01-20,3,10,2,149,9,1096766977399585936,https://www.airbnb.com/rooms/1096766977399585936,Apartment in Burj Khalifa,ENTIRE_HOME,1,2,1,5,"ﺩ.ﺇ2,946",5,5,4.9,4.95,4.98,5,4.93,60,563346491,Hosted by Dreamscape,True,True,,Superhost | Guest Favorite,False,,True,True,True,12,1,1125
10J-3N,2026-01-17,2026-01-20,3,10,2,150,9,1278118226823938804,https://www.airbnb.com/rooms/1278118226823938804,Apartment in Burj Khalifa,ENTIRE_HOME,1,2,1,3,"ﺩ.ﺇ1,945",5,4.96,4.94,4.98,5,4.94,4.94,50,659523408,Hosted by Cristina And Pedro,True,True,5,Superhost | Guest Favorite | Top 5%,True,,True,True,True,14,1,1125
10J-3N,2026-01-17,2026-01-20,3,10,2,151,9,1434926975954994997,https://www.airbnb.com/rooms/1434926975954994997,Apartment in Burj Khalifa,ENTIRE_HOME,1,1,1,3,"ﺩ.ﺇ1,838",5,5,4.93,5,5,5,4.93,14,38845135,Hosted by Joseph,True,True,,Superhost | Guest Favorite,False,,True,True,True,13,1,1125
10J-3N,2026-01-17,2026-01-20,3,10,2,152,9,1363602353033307680,https://www.airbnb.com/rooms/1363602353033307680,Apartment in Burj Khalifa,ENTIRE_HOME,1,2,1,4,"ﺩ.ﺇ3,065",5,4.96,5,4.96,4.87,4.96,4.96,23,176328847,Hosted by LUX Holiday Home,True,True,10,Superhost | Guest Favorite | Top 10%,True,,True,True,True,12,1,1125
10J-3N,2026-01-17,2026-01-20,3,10,2,153,9,884448718607126078,https://www.airbnb.com/rooms/884448718607126078,Apartment in Burj Khalifa,ENTIRE_HOME,1,1,1,2,"ﺩ.ﺇ2,173",4.64,4.84,4.56,4.64,4.76,4.92,4.72,25,478354960,Hosted by Martina,False,False,,,True,,True,True,True,11,1,1125
10J-3N,2026-01-17,2026-01-20,3,10,2,154,9,1575474903138068941,https://www.airbnb.com/rooms/1575474903138068941,Apartment in Dubai,ENTIRE_HOME,,2,1,3,"ﺩ.ﺇ1,194",5,5,5,5,5,5,5,3,173630940,Hosted by Alex,False,False,,,True,,True,True,True,12,1,1125
10J-3N,2026-01-17,2026-01-20,3,10,2,155,9,1156262419592525757,https://www.airbnb.com/rooms/1156262419592525757,Apartment in Burj Khalifa,ENTIRE_HOME,1,2,1,4,"ﺩ.ﺇ2,667",4.93,4.98,4.93,4.93,4.98,4.98,4.85,41,575417584,Hosted by Rohan,True,True,,Superhost | Guest Favorite,True,,True,False,True,11,1,1125
10J-3N,2026-01-17,2026-01-20,3,10,2,156,9,1183964112529669754,https://www.airbnb.com/rooms/1183964112529669754,Apartment in Burj Khalifa,ENTIRE_HOME,,1,1,2,"ﺩ.ﺇ2,232",4.9,4.92,4.88,5,4.98,4.94,4.9,49,23907075,Hosted by First Class,True,True,,Superhost | Guest Favorite,True,,False,True,True,10,1,1125
10J-3N,2026-01-17,2026-01-20,3,10,2,157,9,1395515856217930360,https://www.airbnb.com/rooms/1395515856217930360,Apartment in Burj Khalifa,ENTIRE_HOME,,1,1,2,"ﺩ.ﺇ2,405",4.83,4.83,4.56,4.89,4.78,4.83,4.78,18,176328847,Hosted by LUX Holiday Home,True,False,,Superhost,True,,True,True,True,14,1,1125
10J-3N,2026-01-17,2026-01-20,3,10,2,158,9,838997292935638642,https://www.airbnb.com/rooms/838997292935638642,Apartment in Burj Khalifa,ENTIRE_HOME,1,2,2,3,"ﺩ.ﺇ2,558",4.82,4.89,4.71,4.64,4.86,4.96,4.86,28,495106714,Hosted by GuestReady,False,False,,,True,,True,True,True,10,1,1125
10J-3N,2026-01-17,2026-01-20,3,10,2,159,9,1320227616651501402,https://www.airbnb.com/rooms/1320227616651501402,Apartment in Burj Khalifa,ENTIRE_HOME,,2,1,3,"ﺩ.ﺇ1,804",4.91,4.91,5,4.64,4.91,5,5,11,527788999,Hosted by Frank,False,True,,Guest Favorite,True,,True,True,True,13,1,1125
10J-3N,2026-01-17,2026-01-20,3,10,2,160,9,1553822120462706676,https://www.airbnb.com/rooms/1553822120462706676,Apartment in Dubai,ENTIRE_HOME,,1,1,2,"ﺩ.ﺇ1,977",5,5,5,5,5,5,5,3,674657164,Hosted by Alzohra Holidays Home,True,False,,Superhost,True,,True,True,True,10,1,1125
10J-3N,2026-01-17,2026-01-20,3,10,2,161,9,1304965887778909219,https://www.airbnb.com/rooms/1304965887778909219,Apartment in Burj Khalifa,ENTIRE_HOME,1,1,1,4,"ﺩ.ﺇ2,169",4.9,5,4.9,5,4.9,5,4.8,10,544696796,Hosted by Majestic Oasis Vacation,True,True,,Superhost | Guest Favorite,True,,True,True,True,11,1,1125
10J-3N,2026-01-17,2026-01-20,3,10,2,162,9,1491162803789489668,https://www.airbnb.com/rooms/1491162803789489668,Apartment in Burj Khalifa,ENTIRE_HOME,1,1,1,2,"ﺩ.ﺇ1,388",5,5,5,5,5,5,5,2,497531558,Hosted by CollectionA Holiday Homes Dubai,False,False,,,True,,False,True,True,12,1,1125
10J-3N,2026-01-17,2026-01-20,3,10,2,163,10,1434926975954994997,https://www.airbnb.com/rooms/1434926975954994997,Apartment in Dubai,ENTIRE_HOME,1,1,1,3,"ﺩ.ﺇ1,838",5,5,4.93,5,5,5,4.93,14,38845135,Hosted by Joseph,True,True,,Superhost | Guest Favorite,False,,True,True,True,13,1,1125
10J-3N,2026-01-17,2026-01-20,3,10,2,164,10,1567330320996131680,https://www.airbnb.com/rooms/1567330320996131680,Apartment in Dubai,ENTIRE_HOME,1,1,1,2,"ﺩ.ﺇ1,353",5,5,5,5,5,5,5,2,426079309,Hosted by Ayesha,False,False,,,False,,False,False,True,7,1,1125
10J-3N,2026-01-17,2026-01-20,3,10,2,165,10,1320180151653996060,https://www.airbnb.com/rooms/1320180151653996060,Apartment in Dubai,ENTIRE_HOME,1,1,1,2,"ﺩ.ﺇ1,932",4.64,4.86,4.82,4.68,4.91,4.91,4.68,22,17417202,Hosted by GUESTA Holiday Homes Rental LLC,False,False,,,True,,True,False,True,12,1,1125
10J-3N,2026-01-17,2026-01-20,3,10,2,166,10,1059164428087769866,https://www.airbnb.com/rooms/1059164428087769866,Apartment in Dubai,ENTIRE_HOME,1,1,1,3,"ﺩ.ﺇ1,935",4.8,4.8,4.84,4.8,4.68,4.88,4.68,25,544696796,Hosted by Majestic Oasis Vacation,True,True,,Superhost | Guest Favorite,True,,True,True,True,9,1,1125
10J-3N,2026-01-17,2026-01-20,3,10,2,167,10,1450200517533107325,https://www.airbnb.com/rooms/1450200517533107325,Apartment in Dubai,ENTIRE_HOME,2,2,2,4,"ﺩ.ﺇ3,593",4.86,4.93,4.93,4.86,4.93,5,4.79,14,689931930,Hosted by Juliana Stayfinity,True,False,,Superhost,True,,True,True,True,13,1,1125
10J-3N,2026-01-17,2026-01-20,3,10,2,168,10,1156262419592525757,https://www.airbnb.com/rooms/1156262419592525757,Apartment in Dubai,ENTIRE_HOME,1,2,1,4,"ﺩ.ﺇ2,667",4.93,4.98,4.93,4.93,4.98,4.98,4.85,41,575417584,Hosted by Rohan,True,True,,Superhost | Guest Favorite,True,,True,False,True,11,1,1125
10J-3N,2026-01-17,2026-01-20,3,10,2,169,10,53748211,https://www.airbnb.com/rooms/53748211,Apartment in Dubai,ENTIRE_HOME,,1,1,2,"ﺩ.ﺇ1,465",4.71,4.68,4.71,4.79,4.91,4.85,4.59,34,421679849,Hosted by Paul,False,False,,,True,,True,True,True,12,1,1125
10J-3N,2026-01-17,2026-01-20,3,10,2,170,10,1127295779547398072,https://www.airbnb.com/rooms/1127295779547398072,Apartment in Dubai,ENTIRE_HOME,1,1,1,3,"ﺩ.ﺇ1,651",4.68,4.79,4.58,4.58,4.89,4.89,4.58,19,442055398,Hosted by Deepak,False,False,,,True,,True,False,True,12,1,1125
10J-3N,2026-01-17,2026-01-20,3,10,2,171,10,781647323887383793,https://www.airbnb.com/rooms/781647323887383793,Apartment in Area,ENTIRE_HOME,1,2,1,3,"ﺩ.ﺇ1,577",4.99,4.97,4.9,5,5,4.71,4.84,94,678240,Hosted by Alberto - ALG Homes,True,True,,Superhost | Guest Favorite,True,,True,True,True,13,1,1125
10J-3N,2026-01-17,2026-01-20,3,10,2,172,10,1212776092163494103,https://www.airbnb.com/rooms/1212776092163494103,Apartment in Dubai,ENTIRE_HOME,,1,1,2,"ﺩ.ﺇ1,588",4.92,4.92,4.92,4.83,5,5,4.92,12,82995998,Hosted by Bespoke,False,True,,Guest Favorite,True,,True,True,True,11,1,1125
10J-3N,2026-01-17,2026-01-20,3,10,2,173,10,1310724492346674812,https://www.airbnb.com/rooms/1310724492346674812,Apartment in Dubai,ENTIRE_HOME,,2,1,3,"ﺩ.ﺇ1,519",4.5,4.46,4.42,4.46,4.63,4.58,4.5,24,468096979,Hosted by Fabio,True,False,,Superhost,True,,True,True,True,12,1,1125
10J-3N,2026-01-17,2026-01-20,3,10,2,174,10,1277326207781664471,https://www.airbnb.com/rooms/1277326207781664471,Apartment in Dubai,ENTIRE_HOME,1,1,1,4,"ﺩ.ﺇ1,895",4.98,4.95,4.95,5,4.98,4.98,4.91,44,271631870,Hosted by Ramy,True,True,10,Superhost | Guest Favorite | Top 10%,True,,True,True,True,13,1,1125
10J-3N,2026-01-17,2026-01-20,3,10,2,175,10,1521601224107637445,https://www.airbnb.com/rooms/1521601224107637445,Condo in Dubai,ENTIRE_HOME,1,1,1,2,"ﺩ.ﺇ1,846",4.92,4.92,4.92,4.92,5,4.75,4.83,12,697780413,Hosted by Juliana Stayfinity,False,False,,,True,,True,True,True,14,1,1125
10J-3N,2026-01-17,2026-01-20,3,10,2,176,10,1579794124536781771,https://www.airbnb.com/rooms/1579794124536781771,Apartment in Dubai,ENTIRE_HOME,1,2,1,4,"ﺩ.ﺇ1,903",5,5,4,5,5,5,5,1,570733431,Hosted by Yazz,True,False,,Superhost,True,,True,True,True,13,1,1125
10J-3N,2026-01-17,2026-01-20,3,10,2,177,10,1232671953328020452,https://www.airbnb.com/rooms/1232671953328020452,Apartment in Dubai,ENTIRE_HOME,1,1,1,3,"ﺩ.ﺇ1,931",4.8,4.9,4.83,4.73,4.88,4.88,4.8,41,598591673,Hosted by Wayfarer Vacation Home,True,False,,Superhost,True,,True,True,True,13,1,1125
10J-3N,2026-01-17,2026-01-20,3,10,2,178,10,1484790069507382760,https://www.airbnb.com/rooms/1484790069507382760,Apartment in Dubai,ENTIRE_HOME,1,3,1,5,"ﺩ.ﺇ2,586",4.92,5,4.77,5,5,5,4.92,13,590570378,Hosted by Vansh,True,True,,Superhost | Guest Favorite,True,,True,True,True,13,1,1125
10J-3N,2026-01-17,2026-01-20,3,10,2,179,10,1525998888127550124,https://www.airbnb.com/rooms/1525998888127550124,Apartment in Dubai,ENTIRE_HOME,1,1,1,2,"ﺩ.ﺇ2,112",5,5,5,5,5,5,5,4,445215383,Hosted by Blaise,False,False,,,False,,True,True,True,10,1,1125
10J-3N,2026-01-17,2026-01-20,3,10,2,180,10,1430943609159264605,https://www.airbnb.com/rooms/1430943609159264605,Apartment in Dubai,ENTIRE_HOME,1,1,1,2,"ﺩ.ﺇ1,580",5,5,5,5,5,5,5,1,472717322,Hosted by One Address Dubai,True,False,,Superhost,True,,True,True,True,12,1,1125
10J-3N,2026-01-17,2026-01-20,3,10,2,181,11,1128004765091769673,https://www.airbnb.com/rooms/1128004765091769673,Apartment in Dubai,ENTIRE_HOME,1,1,1,2,"ﺩ.ﺇ2,047",5,5,5,5,5,5,5,6,363345845,Hosted by Apal,True,True,,Superhost | Guest Favorite,True,,True,True,True,11,1,1125
10J-3N,2026-01-17,2026-01-20,3,10,2,182,11,1301707174194271023,https://www.airbnb.com/rooms/1301707174194271023,Apartment in Old Town Community,ENTIRE_HOME,1,1,1,2,"ﺩ.ﺇ2,614",5,5,5,5,5,5,5,24,597059349,Hosted by Patricia,True,True,,Superhost | Guest Favorite,True,,True,False,True,13,1,1125
10J-3N,2026-01-17,2026-01-20,3,10,2,183,11,1320180151653996060,https://www.airbnb.com/rooms/1320180151653996060,Apartment in Dubai,ENTIRE_HOME,1,1,1,2,"ﺩ.ﺇ1,932",4.64,4.86,4.82,4.68,4.91,4.91,4.68,22,17417202,Hosted by GUESTA Holiday Homes Rental LLC,False,False,,,True,,True,False,True,12,1,1125
10J-3N,2026-01-17,2026-01-20,3,10,2,184,11,1589045857067588956,https://www.airbnb.com/rooms/1589045857067588956,Apartment in Dubai,ENTIRE_HOME,1,1,1,3,"ﺩ.ﺇ1,500",0,0,0,0,0,0,0,0,727616037,Hosted by Loma,False,False,,,True,,True,True,True,11,1,1125
10J-3N,2026-01-17,2026-01-20,3,10,2,185,11,1547609797404129832,https://www.airbnb.com/rooms/1547609797404129832,Apartment in Dubai,ENTIRE_HOME,1,1,1,2,"ﺩ.ﺇ2,141",5,5,5,5,5,5,5,3,469324326,Hosted by First Class,True,False,,Superhost,True,,True,True,True,13,1,1125
10J-3N,2026-01-17,2026-01-20,3,10,2,186,11,1573857434788569939,https://www.airbnb.com/rooms/1573857434788569939,Apartment in Dubai,ENTIRE_HOME,1,2,1,4,"ﺩ.ﺇ2,661",5,4.86,5,5,5,5,5,7,590570378,Hosted by Vansh,True,True,,Superhost | Guest Favorite,True,,True,True,True,13,1,1125
10J-3N,2026-01-17,2026-01-20,3,10,2,187,11,1582637684192497855,https://www.airbnb.com/rooms/1582637684192497855,Apartment in Dubai,ENTIRE_HOME,1,1,1,2,"ﺩ.ﺇ1,662",5,5,5,5,5,5,5,1,659555099,Hosted by HappyGuest,True,False,,Superhost,True,,True,True,True,11,1,1125
10J-3N,2026-01-17,2026-01-20,3,10,2,188,11,1572374243879575290,https://www.airbnb.com/rooms/1572374243879575290,Apartment in Dubai,ENTIRE_HOME,1,1,1,3,"ﺩ.ﺇ1,763",5,5,5,5,5,5,5,1,42358365,Hosted by Sahar,True,False,,Superhost,True,,True,True,True,14,1,1125
10J-3N,2026-01-17,2026-01-20,3,10,2,189,11,1582327309219694442,https://www.airbnb.com/rooms/1582327309219694442,Apartment in Dubai,ENTIRE_HOME,1,1,1,2,"ﺩ.ﺇ1,596",0,0,0,0,0,0,0,0,296791796,Hosted by Golden Stay Vacation Homes,True,False,,Superhost,True,,True,True,True,11,1,1125
10J-3N,2026-01-17,2026-01-20,3,10,2,190,11,1341928251408120657,https://www.airbnb.com/rooms/1341928251408120657,Apartment in Dubai,ENTIRE_HOME,2,2,2,4,"ﺩ.ﺇ3,955",4.96,4.96,4.96,4.92,4.88,4.96,4.88,25,587656863,Hosted by AraBnB Homes,True,True,,Superhost | Guest Favorite,False,,True,True,True,13,1,1125
10J-3N,2026-01-17,2026-01-20,3,10,2,191,11,1572068938577626197,https://www.airbnb.com/rooms/1572068938577626197,Apartment in Dubai,ENTIRE_HOME,2,2,2,6,"ﺩ.ﺇ4,860",5,5,5,5,5,5,5,1,720022320,Hosted by Yongning,False,False,,,True,,True,True,True,13,1,1125
10J-3N,2026-01-17,2026-01-20,3,10,2,192,11,1482422054725524320,https://www.airbnb.com/rooms/1482422054725524320,Apartment in Dubai,ENTIRE_HOME,1,1,1,3,"ﺩ.ﺇ2,259",4.9,5,5,4.8,4.9,5,5,10,515613539,Hosted by Citi-Home,False,True,,Guest Favorite,True,,True,True,True,8,1,1125
10J-3N,2026-01-17,2026-01-20,3,10,2,193,11,1587123430595228672,https://www.airbnb.com/rooms/1587123430595228672,Apartment in Dubai,ENTIRE_HOME,2,4,2,7,"ﺩ.ﺇ2,591",0,0,0,0,0,0,0,0,23907075,Hosted by First Class,True,False,,Superhost,True,,True,True,True,12,1,1125
10J-3N,2026-01-17,2026-01-20,3,10,2,194,11,1541992850446051299,https://www.airbnb.com/rooms/1541992850446051299,Apartment in Dubai,ENTIRE_HOME,1,2,2,3,"ﺩ.ﺇ2,312",5,4.5,4.75,5,5,5,4.75,4,483682352,Hosted by Aman,False,False,,,True,,True,True,True,11,1,1125
10J-3N,2026-01-17,2026-01-20,3,10,2,195,11,1509446582471259048,https://www.airbnb.com/rooms/1509446582471259048,Apartment in Dubai,ENTIRE_HOME,2,2,2,6,"ﺩ.ﺇ3,195",5,5,5,5,5,5,5,7,594278180,Hosted by Urban Dreams Hospitality,True,True,,Superhost | Guest Favorite,True,,True,True,True,13,1,1125
10J-3N,2026-01-17,2026-01-20,3,10,2,196,11,1574364719411174409,https://www.airbnb.com/rooms/1574364719411174409,Apartment in Dubai,ENTIRE_HOME,1,1,1,2,"ﺩ.ﺇ1,491",0,0,0,0,0,0,0,0,546434435,Hosted by Nica,False,False,,,True,,True,True,True,13,1,1125
10J-3N,2026-01-17,2026-01-20,3,10,2,197,11,1578774868574059399,https://www.airbnb.com/rooms/1578774868574059399,Apartment in Dubai,ENTIRE_HOME,2,2,2,4,"ﺩ.ﺇ2,796",5,5,5,5,5,5,5,2,23907075,Hosted by First Class,True,False,,Superhost,True,,True,True,True,12,1,1125
10J-3N,2026-01-17,2026-01-20,3,10,2,198,11,1586646279664045063,https://www.airbnb.com/rooms/1586646279664045063,Apartment in Dubai,ENTIRE_HOME,2,2,2,6,"ﺩ.ﺇ2,970",5,5,5,5,5,5,5,2,583966974,Hosted by Only Stays,True,False,,Superhost,True,,True,False,True,7,1,1125
10J-3N,2026-01-17,2026-01-20,3,10,2,199,12,1512487644029720870,https://www.airbnb.com/rooms/1512487644029720870,Apartment in Burj Khalifa,ENTIRE_HOME,2,3,2,6,"ﺩ.ﺇ3,785",5,5,5,5,5,5,5,19,713087429,Hosted by Wonmoon Vacations LLC,False,True,1,Guest Favorite | Top 1%,True,,True,False,True,13,1,1125
10J-3N,2026-01-17,2026-01-20,3,10,2,200,12,1395515718647228306,https://www.airbnb.com/rooms/1395515718647228306,Apartment in Burj Khalifa,ENTIRE_HOME,1,1,1,2,"ﺩ.ﺇ1,588",4.77,4.85,4.92,4.92,5,4.77,4.85,13,661270704,Hosted by Khushdeep,True,False,,Superhost,True,,True,True,True,14,1,1125
10J-3N,2026-01-17,2026-01-20,3,10,2,201,12,1507068898524408605,https://www.airbnb.com/rooms/1507068898524408605,Apartment in Burj Khalifa,ENTIRE_HOME,,1,1,3,"ﺩ.ﺇ1,506",4.5,5,5,5,5,4.5,5,2,718253575,Hosted by GuestReady,False,False,,,True,,True,True,True,11,1,1125
10J-3N,2026-01-17,2026-01-20,3,10,2,202,12,1501250181335558412,https://www.airbnb.com/rooms/1501250181335558412,Apartment in Burj Khalifa,ENTIRE_HOME,2,4,2,6,"ﺩ.ﺇ6,700",5,5,5,5,5,5,4.93,15,716792993,Hosted by StayComfy Holiday Homes,False,True,10,Guest Favorite | Top 10%,True,,True,True,True,12,1,1125
10J-3N,2026-01-17,2026-01-20,3,10,2,203,12,1574531134757605921,https://www.airbnb.com/rooms/1574531134757605921,Apartment in Dubai,ENTIRE_HOME,,1,1,2,"ﺩ.ﺇ1,552",5,5,5,5,5,5,5,1,82995998,Hosted by Bespoke,False,False,,,True,,True,True,True,11,1,1125
10J-3N,2026-01-17,2026-01-20,3,10,2,204,12,892577467324993243,https://www.airbnb.com/rooms/892577467324993243,Apartment in Dubai,ENTIRE_HOME,1,1,1,4,"ﺩ.ﺇ1,284",4.96,4.96,4.98,4.92,4.95,4.93,4.91,95,515002069,Hosted by Mohammad,True,True,,Superhost | Guest Favorite,False,,True,True,True,13,1,1125
10J-3N,2026-01-17,2026-01-20,3,10,2,205,12,1538962845655970936,https://www.airbnb.com/rooms/1538962845655970936,Apartment in Dubai,ENTIRE_HOME,1,1,1,4,"ﺩ.ﺇ1,663",5,5,5,5,5,5,5,2,585177580,Hosted by Ventura Stays,True,False,,Superhost,True,,True,True,True,11,1,1125
10J-3N,2026-01-17,2026-01-20,3,10,2,206,12,1209844839385360337,https://www.airbnb.com/rooms/1209844839385360337,Apartment in Burj Khalifa,ENTIRE_HOME,1,2,1,4,"ﺩ.ﺇ2,126",4.97,4.99,4.99,4.97,5,4.99,4.93,73,38632309,Hosted by Mohammed,True,True,10,Superhost | Guest Favorite | Top 10%,True,,True,True,True,13,1,1125
10J-3N,2026-01-17,2026-01-20,3,10,2,207,12,1351374640108462043,https://www.airbnb.com/rooms/1351374640108462043,Apartment in Dubai,ENTIRE_HOME,1,1,1,3,"ﺩ.ﺇ1,614",5,5,5,5,4.77,4.85,4.92,13,567679832,Hosted by Daniels Holiday Homes,False,True,,Guest Favorite,True,,True,True,True,13,1,1125
10J-3N,2026-01-17,2026-01-20,3,10,2,208,12,1035397796155283694,https://www.airbnb.com/rooms/1035397796155283694,Apartment in Dubai,ENTIRE_HOME,1,1,1,3,"ﺩ.ﺇ2,390",4.97,4.89,4.95,4.86,4.95,4.86,4.78,37,547962315,Hosted by Aparts.Ae,True,False,,Superhost,True,,True,True,True,13,1,1125
10J-3N,2026-01-17,2026-01-20,3,10,2,209,12,1587088584109138628,https://www.airbnb.com/rooms/1587088584109138628,Apartment in Dubai,ENTIRE_HOME,1,2,1,3,"ﺩ.ﺇ1,712",0,0,0,0,0,0,0,0,242523215,Hosted by Valeria,True,False,,Superhost,True,,True,True,True,12,1,1125
10J-3N,2026-01-17,2026-01-20,3,10,2,210,12,1480377596057973430,https://www.airbnb.com/rooms/1480377596057973430,Apartment in Dubai,ENTIRE_HOME,1,1,1,2,"ﺩ.ﺇ1,199",4.64,5,4.64,4.82,4.64,4.82,4.64,11,541191025,Hosted by Elite,True,False,,Superhost,True,,True,True,True,13,1,1125
10J-3N,2026-01-17,2026-01-20,3,10,2,211,12,1204248360901877821,https://www.airbnb.com/rooms/1204248360901877821,Apartment in Burj Khalifa,ENTIRE_HOME,2,2,2,4,"ﺩ.ﺇ3,912",4.89,5,4.86,4.96,4.89,5,4.86,28,30450757,Hosted by Carpe Diem Lifestyle,False,True,,Guest Favorite,True,,True,True,True,14,1,1125
10J-3N,2026-01-17,2026-01-20,3,10,2,212,12,1564434057133482225,https://www.airbnb.com/rooms/1564434057133482225,Apartment in Dubai,ENTIRE_HOME,1,1,1,3,"ﺩ.ﺇ2,689",5,5,5,5,5,5,5,2,722260991,Hosted by Nomi,False,False,,,True,,True,True,True,13,1,1125
10J-3N,2026-01-17,2026-01-20,3,10,2,213,12,1365208055310388792,https://www.airbnb.com/rooms/1365208055310388792,Apartment in Burj Khalifa,ENTIRE_HOME,1,2,1,4,"ﺩ.ﺇ3,237",4.95,4.97,4.82,4.95,5,5,4.84,38,669428513,Hosted by Vishal,True,True,,Superhost | Guest Favorite,True,,True,True,True,13,1,1125
10J-3N,2026-01-17,2026-01-20,3,10,2,214,12,1570236086059340757,https://www.airbnb.com/rooms/1570236086059340757,Apartment in Dubai,ENTIRE_HOME,,1,1,2,"ﺩ.ﺇ1,694",5,4.83,4.83,5,5,4.83,4.83,6,726405365,Hosted by Lazzare Holiday Homes,False,True,,Guest Favorite,True,,True,True,True,13,1,1125
10J-3N,2026-01-17,2026-01-20,3,10,2,215,12,1553579955489921482,https://www.airbnb.com/rooms/1553579955489921482,Apartment in Dubai,ENTIRE_HOME,1,1,1,4,"ﺩ.ﺇ3,336",4.67,5,5,3.67,5,5,4.67,3,666768899,Hosted by Wise Stay Vacation Homes Rental,True,False,,Superhost,True,,True,True,True,12,1,1125
10J-3N,2026-01-17,2026-01-20,3,10,2,216,12,1110611548039849058,https://www.airbnb.com/rooms/1110611548039849058,Apartment in Burj Khalifa,ENTIRE_HOME,2,2,2,4,"ﺩ.ﺇ3,050",4.81,4.83,4.79,4.81,4.71,4.96,4.75,52,30450757,Hosted by Carpe Diem Lifestyle,False,False,,,True,,True,True,True,13,1,1125
10J-3N,2026-01-17,2026-01-20,3,10,2,217,13,1122154098647072731,https://www.airbnb.com/rooms/1122154098647072731,Apartment in Burj Khalifa,ENTIRE_HOME,1,1,1,2,"ﺩ.ﺇ1,541",4.75,4.5,5,5,5,5,5,4,561137012,Hosted by Chabha,False,False,,,False,,True,True,True,11,1,1125
10J-3N,2026-01-17,2026-01-20,3,10,2,218,13,1304213497185160517,https://www.airbnb.com/rooms/1304213497185160517,Apartment in Dubai,ENTIRE_HOME,2,2,2,5,"ﺩ.ﺇ3,334",4.96,4.93,4.87,4.93,4.93,4.93,4.87,45,591384000,Hosted by Sadath,True,True,,Superhost | Guest Favorite,True,,True,True,True,13,1,1125
10J-3N,2026-01-17,2026-01-20,3,10,2,219,13,1410597047105290608,https://www.airbnb.com/rooms/1410597047105290608,Apartment in Burj Khalifa,ENTIRE_HOME,1,1,1,4,"ﺩ.ﺇ2,327",4.89,4.89,4.89,5,4.89,5,5,9,667385552,Hosted by Pinnacle Luxe Stays,False,True,,Guest Favorite,True,,True,True,True,12,1,1125
10J-3N,2026-01-17,2026-01-20,3,10,2,220,13,1509446582471259048,https://www.airbnb.com/rooms/1509446582471259048,Apartment in Burj Khalifa,ENTIRE_HOME,2,2,2,6,"ﺩ.ﺇ3,195",5,5,5,5,5,5,5,7,594278180,Hosted by Urban Dreams Hospitality,True,True,,Superhost | Guest Favorite,True,,True,True,True,13,1,1125
10J-3N,2026-01-17,2026-01-20,3,10,2,221,13,1312188118954393380,https://www.airbnb.com/rooms/1312188118954393380,Apartment in Burj Khalifa,ENTIRE_HOME,1,2,1,4,"ﺩ.ﺇ2,853",4.94,4.97,5,5,5,4.97,4.94,33,583250459,Hosted by Sukoon Stays,True,True,10,Superhost | Guest Favorite | Top 10%,True,,True,True,True,12,1,1125
10J-3N,2026-01-17,2026-01-20,3,10,2,222,13,598262989737326174,https://www.airbnb.com/rooms/598262989737326174,Apartment in Burj Khalifa,ENTIRE_HOME,,1,1,2,"ﺩ.ﺇ1,785",4.77,4.9,4.9,4.81,4.98,4.92,4.71,52,421679849,Hosted by Paul,False,False,,,True,,True,True,True,12,1,1125
10J-3N,2026-01-17,2026-01-20,3,10,2,223,13,1572509748715393904,https://www.airbnb.com/rooms/1572509748715393904,Apartment in Dubai,ENTIRE_HOME,1,1,1,2,"ﺩ.ﺇ1,850",5,5,5,5,5,5,5,1,61726701,Hosted by Fahd,True,False,,Superhost,True,,True,True,True,12,1,1125
10J-3N,2026-01-17,2026-01-20,3,10,2,224,13,1579577443171211197,https://www.airbnb.com/rooms/1579577443171211197,Apartment in Dubai,ENTIRE_HOME,,1,1,2,"ﺩ.ﺇ1,978",5,5,5,5,5,5,5,1,726453585,Hosted by GuestReady,False,False,,,True,,True,True,True,11,1,1125
10J-3N,2026-01-17,2026-01-20,3,10,2,225,13,1565721117790628911,https://www.airbnb.com/rooms/1565721117790628911,Apartment in Dubai,ENTIRE_HOME,1,1,1,2,"ﺩ.ﺇ2,350",5,5,5,5,5,5,5,3,690755676,Hosted by LiveWell Stays,True,False,,Superhost,True,,True,True,True,10,1,1125
10J-3N,2026-01-17,2026-01-20,3,10,2,226,13,688732755920125353,https://www.airbnb.com/rooms/688732755920125353,Apartment in Burj Khalifa,ENTIRE_HOME,1,1,1,4,"ﺩ.ﺇ2,320",5,4.95,4.86,5,4.95,5,4.95,22,473895713,Hosted by Unlock Stays,True,True,,Superhost | Guest Favorite,True,,True,True,True,13,1,1125
10J-3N,2026-01-17,2026-01-20,3,10,2,227,13,1576591642745487264,https://www.airbnb.com/rooms/1576591642745487264,Apartment in Dubai,ENTIRE_HOME,,1,1,2,"ﺩ.ﺇ1,894",5,5,4.5,5,5,4.5,5,2,547799640,Hosted by Sarah,True,False,,Superhost,True,,True,True,True,13,1,1125
10J-3N,2026-01-17,2026-01-20,3,10,2,228,13,1484947278489795455,https://www.airbnb.com/rooms/1484947278489795455,Apartment in Burj Khalifa,ENTIRE_HOME,2,,2,8,"ﺩ.ﺇ3,722",5,5,4.95,5,5,5,5,19,590570378,Hosted by Vansh,True,True,5,Superhost | Guest Favorite | Top 5%,True,,True,True,True,13,1,1125
10J-3N,2026-01-17,2026-01-20,3,10,2,229,13,1588286152293601226,https://www.airbnb.com/rooms/1588286152293601226,Apartment in Dubai,ENTIRE_HOME,1,1,2,2,"ﺩ.ﺇ2,142",0,0,0,0,0,0,0,0,737076556,Hosted by Ashweetha,False,False,,,True,,False,False,True,4,1,1125
10J-3N,2026-01-17,2026-01-20,3,10,2,230,13,1288301789485719115,https://www.airbnb.com/rooms/1288301789485719115,Apartment in Burj Khalifa,ENTIRE_HOME,2,2,3,5,"ﺩ.ﺇ3,598",4.97,4.95,4.95,4.97,4.97,4.95,4.86,37,661270704,Hosted by Khushdeep,True,True,,Superhost | Guest Favorite,True,,True,True,True,14,1,1125
10J-3N,2026-01-17,2026-01-20,3,10,2,231,13,1566773754366447191,https://www.airbnb.com/rooms/1566773754366447191,Apartment in Dubai,ENTIRE_HOME,2,2,2,6,"ﺩ.ﺇ3,835",5,5,5,5,5,5,5,1,722196689,Hosted by Ameer,False,False,,,True,,True,True,True,11,1,1125
10J-3N,2026-01-17,2026-01-20,3,10,2,232,13,1512135304952555241,https://www.airbnb.com/rooms/1512135304952555241,Apartment in Burj Khalifa,ENTIRE_HOME,2,3,2,6,"ﺩ.ﺇ4,109",4.95,5,4.89,5,5,5,4.84,19,707244232,Hosted by Excellence Holiday Homes,True,True,,Superhost | Guest Favorite,True,,True,True,True,13,1,1125
10J-3N,2026-01-17,2026-01-20,3,10,2,233,13,1575541632298640133,https://www.airbnb.com/rooms/1575541632298640133,Condo in Dubai,ENTIRE_HOME,1,1,1,2,"ﺩ.ﺇ1,882",5,5,5,5,5,5,5,1,683744979,Hosted by Shubo,False,False,,,True,,True,True,True,13,1,1125
10J-3N,2026-01-17,2026-01-20,3,10,2,234,13,1581094348055958708,https://www.airbnb.com/rooms/1581094348055958708,Apartment in Dubai,ENTIRE_HOME,1,1,1,2,"ﺩ.ﺇ2,556",5,5,5,5,5,5,5,2,685927342,Hosted by Folgore Vacation Homes,True,False,,Superhost,True,,True,True,True,11,1,1125
10J-3N,2026-01-17,2026-01-20,3,10,2,235,14,691853216042207578,https://www.airbnb.com/rooms/691853216042207578,Apartment in Burj Khalifa,ENTIRE_HOME,,1,1,2,"ﺩ.ﺇ2,043",4.91,4.9,4.82,4.99,5,4.89,4.85,99,86064257,Hosted by Osama,True,True,,Superhost | Guest Favorite,True,,True,True,True,14,1,1125
10J-3N,2026-01-17,2026-01-20,3,10,2,236,14,688732755920125353,https://www.airbnb.com/rooms/688732755920125353,Apartment in Burj Khalifa,ENTIRE_HOME,1,1,1,4,"ﺩ.ﺇ2,320",5,4.95,4.86,5,4.95,5,4.95,22,473895713,Hosted by Unlock Stays,True,True,,Superhost | Guest Favorite,True,,True,True,True,13,1,1125
10J-3N,2026-01-17,2026-01-20,3,10,2,237,14,1527641026454949882,https://www.airbnb.com/rooms/1527641026454949882,Apartment in Dubai,ENTIRE_HOME,2,3,2,6,"ﺩ.ﺇ3,430",5,5,5,4.86,5,5,4.86,7,539242963,Hosted by Aurora Vacation Homes Rentals LLC,True,True,,Superhost | Guest Favorite,True,,True,True,True,13,1,1125
10J-3N,2026-01-17,2026-01-20,3,10,2,238,14,1443292854243573694,https://www.airbnb.com/rooms/1443292854243573694,Apartment in Burj Khalifa,ENTIRE_HOME,,1,1,2,"ﺩ.ﺇ1,842",5,5,5,5,5,5,5,4,570513554,Hosted by Airstay Holiday Homes LLC,True,False,,Superhost,True,,True,True,True,12,1,1125
10J-3N,2026-01-17,2026-01-20,3,10,2,239,14,1361282009617902431,https://www.airbnb.com/rooms/1361282009617902431,Apartment in Burj Khalifa,ENTIRE_HOME,1,3,1,4,"ﺩ.ﺇ2,681",5,4.86,4.86,5,5,4.71,4.79,14,675088166,Hosted by Safa,True,True,,Superhost | Guest Favorite,True,,True,True,True,12,1,1125
10J-3N,2026-01-17,2026-01-20,3,10,2,240,14,1533998478393527470,https://www.airbnb.com/rooms/1533998478393527470,Apartment in Dubai,ENTIRE_HOME,1,1,1,2,"ﺩ.ﺇ1,647",5,5,5,5,5,5,5,1,658579999,Hosted by Luxora Elite,False,False,,,True,,True,True,True,12,1,1125
10J-3N,2026-01-17,2026-01-20,3,10,2,241,14,1517125425268772209,https://www.airbnb.com/rooms/1517125425268772209,Apartment in Dubai,ENTIRE_HOME,2,5,2,10,"ﺩ.ﺇ3,743",5,5,4.9,5,5,5,5,10,667415237,Hosted by Mahogany,True,True,,Superhost | Guest Favorite,True,,True,True,True,13,1,1125
10J-3N,2026-01-17,2026-01-20,3,10,2,242,14,1521601224107637445,https://www.airbnb.com/rooms/1521601224107637445,Condo in Dubai,ENTIRE_HOME,1,1,1,2,"ﺩ.ﺇ1,846",4.92,4.92,4.92,4.92,5,4.75,4.83,12,697780413,Hosted by Juliana Stayfinity,False,False,,,True,,True,True,True,14,1,1125
10J-3N,2026-01-17,2026-01-20,3,10,2,243,14,1362808086689877791,https://www.airbnb.com/rooms/1362808086689877791,Apartment in Burj Khalifa,ENTIRE_HOME,1,2,1,4,"ﺩ.ﺇ2,146",4.83,4.67,4.67,4.83,4.83,4.67,4.83,6,583966974,Hosted by Only Stays,True,False,,Superhost,True,,True,True,True,13,1,1125
10J-3N,2026-01-17,2026-01-20,3,10,2,244,14,1363602353033307680,https://www.airbnb.com/rooms/1363602353033307680,Apartment in Burj Khalifa,ENTIRE_HOME,1,2,1,4,"ﺩ.ﺇ3,065",5,4.96,5,4.96,4.87,4.96,4.96,23,176328847,Hosted by LUX Holiday Home,True,True,10,Superhost | Guest Favorite | Top 10%,True,,True,True,True,12,1,1125
10J-3N,2026-01-17,2026-01-20,3,10,2,245,14,1110611548039849058,https://www.airbnb.com/rooms/1110611548039849058,Apartment in Burj Khalifa,ENTIRE_HOME,2,2,2,4,"ﺩ.ﺇ3,050",4.81,4.83,4.79,4.81,4.71,4.96,4.75,52,30450757,Hosted by Carpe Diem Lifestyle,False,False,,,True,,True,True,True,13,1,1125
10J-3N,2026-01-17,2026-01-20,3,10,2,246,14,1525431270341475829,https://www.airbnb.com/rooms/1525431270341475829,Apartment in Dubai,ENTIRE_HOME,1,1,1,4,"ﺩ.ﺇ2,098",4.86,5,4.79,5,4.86,5,4.86,14,559732650,Hosted by StayMada,True,True,,Superhost | Guest Favorite,True,,True,True,True,11,1,1125
10J-3N,2026-01-17,2026-01-20,3,10,2,247,14,1581766456000821372,https://www.airbnb.com/rooms/1581766456000821372,Apartment in Dubai,ENTIRE_HOME,,1,1,2,"ﺩ.ﺇ1,552",0,0,0,0,0,0,0,0,82995998,Hosted by Bespoke,False,False,,,True,,True,True,True,11,1,1125
10J-3N,2026-01-17,2026-01-20,3,10,2,248,14,613064590642203003,https://www.airbnb.com/rooms/613064590642203003,Apartment in The Palm Jumeirah,ENTIRE_HOME,1,1,1,2,"ﺩ.ﺇ2,226",4.97,4.97,4.94,4.89,4.94,4.94,4.87,71,133056916,Hosted by Dan,True,True,,Superhost | Guest Favorite,True,,True,True,True,14,1,1125
10J-3N,2026-01-17,2026-01-20,3,10,2,249,14,1496149720716827175,https://www.airbnb.com/rooms/1496149720716827175,Apartment in Burj Khalifa,ENTIRE_HOME,2,2,2,5,"ﺩ.ﺇ3,224",5,5,4.86,5,5,4.71,5,7,672879529,Hosted by Enrica,True,True,,Superhost | Guest Favorite,True,,True,True,True,13,1,1125
10J-3N,2026-01-17,2026-01-20,3,10,2,250,14,1351364079553405124,https://www.airbnb.com/rooms/1351364079553405124,Apartment in Trade Centre 2,ENTIRE_HOME,,1,1,2,"ﺩ.ﺇ1,726",4.67,4.89,4.89,4.56,4.67,5,5,9,421679849,Hosted by Paul,False,False,,,True,,True,True,True,11,1,1125
10J-3N,2026-01-17,2026-01-20,3,10,2,251,14,1518776128059664956,https://www.airbnb.com/rooms/1518776128059664956,Apartment in Dubai,ENTIRE_HOME,2,,1,4,"ﺩ.ﺇ3,116",5,5,5,5,5,5,5,4,657073079,Hosted by Jeric,False,False,,,False,,True,False,True,11,1,1125
10J-3N,2026-01-17,2026-01-20,3,10,2,252,14,1129723813823204470,https://www.airbnb.com/rooms/1129723813823204470,Apartment in The Palm Jumeirah,ENTIRE_HOME,1,1,1,4,"ﺩ.ﺇ2,420",4.9,4.97,4.98,4.92,4.97,5,4.84,62,471216887,Hosted by Irina GoodStay,True,True,,Superhost | Guest Favorite,True,,True,True,True,13,1,1125
10J-3N,2026-01-17,2026-01-20,3,10,2,253,15,1051916396439151399,https://www.airbnb.com/rooms/1051916396439151399,Apartment in Burj Khalifa,ENTIRE_HOME,,1,1,2,"ﺩ.ﺇ2,051",4.64,4.71,4.64,4.64,4.71,4.64,4.29,14,550054249,Hosted by ⁨Propr Luxury Vacation Homes Rental L.L.C.⁩,False,False,,,True,,True,True,True,13,1,1125
10J-3N,2026-01-17,2026-01-20,3,10,2,254,15,1163911579816952140,https://www.airbnb.com/rooms/1163911579816952140,Apartment in Dubai,ENTIRE_HOME,1,1,1,2,"ﺩ.ﺇ1,408",4.92,4.77,5,5,4.92,4.69,4.69,13,436122999,Hosted by Medini Homes,False,False,,,True,,True,True,True,12,1,1125
10J-3N,2026-01-17,2026-01-20,3,10,2,255,15,1128004765091769673,https://www.airbnb.com/rooms/1128004765091769673,Apartment in Burj Khalifa,ENTIRE_HOME,1,1,1,2,"ﺩ.ﺇ2,047",5,5,5,5,5,5,5,6,363345845,Hosted by Apal,True,True,,Superhost | Guest Favorite,True,,True,True,True,11,1,1125
10J-3N,2026-01-17,2026-01-20,3,10,2,256,15,1209844839385360337,https://www.airbnb.com/rooms/1209844839385360337,Apartment in Burj Khalifa,ENTIRE_HOME,1,2,1,4,"ﺩ.ﺇ2,126",4.97,4.99,4.99,4.97,5,4.99,4.93,73,38632309,Hosted by Mohammed,True,True,10,Superhost | Guest Favorite | Top 10%,True,,True,True,True,13,1,1125
10J-3N,2026-01-17,2026-01-20,3,10,2,257,15,1589838522066001588,https://www.airbnb.com/rooms/1589838522066001588,Apartment in Dubai,ENTIRE_HOME,1,2,1,4,"ﺩ.ﺇ2,054",0,0,0,0,0,0,0,0,4238705,Hosted by Kensington Homes,True,False,,Superhost,True,,False,True,True,12,1,1125
10J-3N,2026-01-17,2026-01-20,3,10,2,258,15,1025986701527150448,https://www.airbnb.com/rooms/1025986701527150448,Apartment in Burj Khalifa,ENTIRE_HOME,1,2,1,3,"ﺩ.ﺇ1,804",4.31,4.34,4.41,4.63,4.75,4.59,4.25,32,546766411,Hosted by GuestReady,False,False,,,True,,True,True,True,10,1,1125
10J-3N,2026-01-17,2026-01-20,3,10,2,259,15,714282165434613302,https://www.airbnb.com/rooms/714282165434613302,Apartment in Burj Khalifa,ENTIRE_HOME,1,1,2,2,"ﺩ.ﺇ2,676",4.68,4.82,4.45,4.75,4.63,4.95,4.59,56,479177855,Hosted by GuestReady,False,False,,,True,,True,True,True,11,1,1125
10J-3N,2026-01-17,2026-01-20,3,10,2,260,15,1512487644029720870,https://www.airbnb.com/rooms/1512487644029720870,Apartment in Burj Khalifa,ENTIRE_HOME,2,3,2,6,"ﺩ.ﺇ3,785",5,5,5,5,5,5,5,19,713087429,Hosted by Wonmoon Vacations LLC,False,True,1,Guest Favorite | Top 1%,True,,True,False,True,13,1,1125
10J-3N,2026-01-17,2026-01-20,3,10,2,261,15,1573664508649688149,https://www.airbnb.com/rooms/1573664508649688149,Apartment in Dubai,ENTIRE_HOME,2,2,2,4,"ﺩ.ﺇ2,849",0,0,0,0,0,0,0,0,517309165,Hosted by Ashri,False,False,,,True,,True,True,True,12,1,1125
10J-3N,2026-01-17,2026-01-20,3,10,2,262,15,1465683511262123002,https://www.airbnb.com/rooms/1465683511262123002,Apartment in Dubai,ENTIRE_HOME,2,2,2,4,"ﺩ.ﺇ2,886",4.8,5,4.6,4.6,5,5,5,5,478236270,Hosted by Paul,True,False,,Superhost,True,,True,True,True,12,1,1125
10J-3N,2026-01-17,2026-01-20,3,10,2,263,15,1570137689041305678,https://www.airbnb.com/rooms/1570137689041305678,Apartment in Dubai,ENTIRE_HOME,1,1,1,3,"ﺩ.ﺇ2,342",5,5,5,5,5,5,5,1,132665431,Hosted by Martin,False,False,,,True,,True,True,True,12,1,1125
10J-3N,2026-01-17,2026-01-20,3,10,2,264,15,1496149720716827175,https://www.airbnb.com/rooms/1496149720716827175,Apartment in Burj Khalifa,ENTIRE_HOME,2,2,2,5,"ﺩ.ﺇ3,224",5,5,4.86,5,5,4.71,5,7,672879529,Hosted by Enrica,True,True,,Superhost | Guest Favorite,True,,True,True,True,13,1,1125
10J-3N,2026-01-17,2026-01-20,3,10,2,265,15,1102141758360101908,https://www.airbnb.com/rooms/1102141758360101908,Apartment in Burj Khalifa,ENTIRE_HOME,,1,1,2,"ﺩ.ﺇ1,743",4.86,4.9,4.76,4.9,4.86,4.9,4.76,21,563186380,Hosted by Mystic,False,False,,,True,,True,True,True,12,1,1125
10J-3N,2026-01-17,2026-01-20,3,10,2,266,15,1312188118954393380,https://www.airbnb.com/rooms/1312188118954393380,Apartment in Burj Khalifa,ENTIRE_HOME,1,2,1,4,"ﺩ.ﺇ2,853",4.94,4.97,5,5,5,4.97,4.94,33,583250459,Hosted by Sukoon Stays,True,True,10,Superhost | Guest Favorite | Top 10%,True,,True,True,True,12,1,1125
10J-3N,2026-01-17,2026-01-20,3,10,2,267,15,1574364719411174409,https://www.airbnb.com/rooms/1574364719411174409,Apartment in Dubai,ENTIRE_HOME,1,1,1,2,"ﺩ.ﺇ1,491",0,0,0,0,0,0,0,0,546434435,Hosted by Nica,False,False,,,True,,True,True,True,13,1,1125
10J-3N,2026-01-17,2026-01-20,3,10,2,268,15,1339035168934972313,https://www.airbnb.com/rooms/1339035168934972313,Apartment in Burj Khalifa,ENTIRE_HOME,1,1,1,2,"ﺩ.ﺇ1,062",4.6,4.5,4.9,4.3,4.8,4.9,4.4,10,673759711,Hosted by Rayan,True,False,,Superhost,True,,True,False,True,13,1,1125
10J-3N,2026-01-17,2026-01-20,3,10,2,269,15,1556630148565850157,https://www.airbnb.com/rooms/1556630148565850157,Apartment in Dubai,ENTIRE_HOME,1,2,1,4,"ﺩ.ﺇ1,814",5,5,5,5,5,5,5,6,685733989,Hosted by Silk And Stone Retreats,True,True,,Superhost | Guest Favorite,True,,True,True,True,9,1,1125
10J-3N,2026-01-17,2026-01-20,3,10,2,270,15,1416110457951963354,https://www.airbnb.com/rooms/1416110457951963354,Apartment in Burj Khalifa,ENTIRE_HOME,2,2,1,4,"ﺩ.ﺇ2,701",4.78,4.89,4.78,4.89,5,5,4.78,9,588639510,Hosted by La Capitale Luxury Stay Homes,True,False,,Superhost,False,,True,True,True,12,1,1125
